fecha,la_rioja_region,salario_nominal,salario_sa,salario_real_sa,ipc_nacional,indice_salario_real_sa,indice_salario_sa,indice_ipc,fecha_base
2016-12-01,1. Resto país,32284.56373311702,24085.5859775312,24085.5859775312,100,112.08694431093839,1.4252944139860124,1.2715971719526304,2025-01-01
2016-12-01,2. NOA-Resto,24044.03610351159,17870.9456122143,17870.9456122143,100,113.9521789456452,1.4490126848512253,1.2715971719526304,2025-01-01
2016-12-01,3. La Rioja,24539.49816725487,17096.8875968484,17096.8875968484,100,116.54558734645404,1.4819903927330922,1.2715971719526304,2025-01-01
2017-01-01,1. Resto país,23213.073496087127,24169.9180692225,23792.59136279986,101.5859,110.72343706243579,1.4302848700753723,1.2917634315026272,2025-01-01
2017-01-01,2. NOA-Resto,17223.695363067825,17480.1787263482,17207.288340555333,101.5859,109.72043912506328,1.4173285095016686,1.2917634315026272,2025-01-01
2017-01-01,3. La Rioja,17322.16823027145,17305.1615024109,17035.003383748044,101.5859,116.12373676561594,1.5000439668325982,1.2917634315026272,2025-01-01
2017-02-01,1. Resto país,22986.54398127843,24470.2090616294,23600.32469374274,103.6859,109.82868683931235,1.448054961882445,1.3184669721136324,2025-01-01
2017-02-01,2. NOA-Resto,16477.249971622557,17883.9937741069,17248.240864097144,103.6859,109.98156852426658,1.4500706564049772,1.3184669721136324,2025-01-01
2017-02-01,3. La Rioja,13660.630768377676,17081.3984845742,16474.176801835354,103.6859,112.30070973696733,1.4806477673311123,1.3184669721136324,2025-01-01
2017-03-01,1. Resto país,23322.777265383385,24699.0636282559,23268.602990793857,106.1476,108.28495557697782,1.461597714619797,1.3497698796955904,2025-01-01
2017-03-01,2. NOA-Resto,16993.966819372865,17975.5732775963,16934.507494843314,106.1476,107.98108115162312,1.457496109154261,1.3497698796955904,2025-01-01
2017-03-01,3. La Rioja,13586.329163131091,17039.1743120989,16052.340620135454,106.1476,109.42514859861937,1.4769876965963058,1.3497698796955904,2025-01-01
2017-04-01,1. Resto país,23386.56958119469,25552.2033605593,23449.55234999252,108.9667,109.12703850435693,1.512083316088489,1.385617475570107,2025-01-01
2017-04-01,2. NOA-Resto,17102.333204772844,18380.9537448073,16868.413694098563,108.9667,107.55964107939123,1.4903651834565286,1.385617475570107,2025-01-01
2017-04-01,3. La Rioja,15455.251466208416,17599.8764829849,16151.61006342754,108.9667,110.10184577572221,1.5255904159936546,1.385617475570107,2025-01-01
2017-05-01,1. Resto país,24054.11836474128,25886.9207443096,23420.697840958794,110.5301,108.99275845195545,1.5318906322886578,1.4054976257564145,2025-01-01
2017-05-01,2. NOA-Resto,17486.559467371615,18983.4785781318,17174.94020011906,110.5301,109.5141746571644,1.5392191246731788,1.4054976257564145,2025-01-01
2017-05-01,3. La Rioja,16071.636069159931,18025.4938927153,16308.221826195128,110.5301,111.16943247965986,1.5624837340684996,1.4054976257564145,2025-01-01
2017-06-01,1. Resto país,35442.20673155964,26911.1967999062,24060.57236751958,111.8477,111.97053862684987,1.5925034378804903,1.4222521900940623,2025-01-01
2017-06-01,2. NOA-Resto,25756.970973333446,19710.9755391006,17623.04950311951,111.8477,112.37149584154623,1.5982060606478496,1.4222521900940623,2025-01-01
2017-06-01,3. La Rioja,24248.67705305436,18447.3643618678,16493.288965144387,111.8477,112.43099299967787,1.5990522602824202,1.4222521900940623,2025-01-01
2017-07-01,1. Resto país,25857.19349918251,27624.2626659137,24277.553377692086,113.7852,112.98030182822785,1.634699994633259,1.4468893853006446,2025-01-01
2017-07-01,2. NOA-Resto,18692.517637973542,20226.4642572356,17776.006244428623,113.7852,113.34680819125683,1.6400029362963766,1.4468893853006446,2025-01-01
2017-07-01,3. La Rioja,18343.034417199902,19040.7100420418,16733.907434395507,113.7852,114.0712342813978,1.650484580498975,1.4468893853006446,2025-01-01
2017-08-01,1. Resto país,25851.524679725277,27819.2401573372,24110.575538569916,115.3819,112.20323807846869,1.6462380294412216,1.4671929773452121,2025-01-01
2017-08-01,2. NOA-Resto,18898.77452747855,20551.4249272619,17811.654104553574,115.3819,113.57411296986974,1.6663514095760468,1.4671929773452121,2025-01-01
2017-08-01,3. La Rioja,18880.71206884711,19588.9835820411,16977.518642040995,115.3819,115.73187637887852,1.698009962780748,1.4671929773452121,2025-01-01
2017-09-01,1. Resto país,25975.41493263634,28172.8350608266,23962.21806471325,117.5719,111.51282780878306,1.6671624462782255,1.495040955410975,2025-01-01
2017-09-01,2. NOA-Resto,18768.4746708924,20625.2300418974,17542.65265926416,117.5719,111.85885394019054,1.6723356786591916,1.495040955410975,2025-01-01
2017-09-01,3. La Rioja,19171.878931297742,20026.1296299937,17033.091776175854,117.5719,116.11070577234217,1.7359026049132502,1.495040955410975,2025-01-01
2017-10-01,1. Resto país,26970.292031197012,28739.56622844,24079.50733325066,119.3528,112.058656161188,1.700699465812842,1.5176868294462793,2025-01-01
2017-10-01,2. NOA-Resto,19965.193837205945,21018.7958463155,17610.64327465757,119.3528,112.29238884875403,1.7042467960281422,1.5176868294462793,2025-01-01
2017-10-01,3. La Rioja,20460.86562929458,20377.78869999,17073.574059418796,119.3528,116.38666427361605,1.7663850749125292,1.5176868294462793,2025-01-01
2017-11-01,1. Resto país,26871.91164768706,28905.5388553649,23890.059718138833,120.994,111.17702495218653,1.7105211018009108,1.5385562822323657,2025-01-01
2017-11-01,2. NOA-Resto,19976.346856429867,21233.5121616455,17549.227368006264,120.994,111.9007768693602,1.7216564323903634,1.5385562822323657,2025-01-01
2017-11-01,3. La Rioja,20479.93843330994,20651.2284500455,17067.977296432466,120.994,116.3485124155199,1.7900873470528855,1.5385562822323657,2025-01-01
2017-12-01,1. Resto país,39971.47207389307,29818.1524164705,23893.59273601834,124.7956,111.19346653590716,1.764526140830691,1.5868973203213168,2025-01-01
2017-12-01,2. NOA-Resto,28949.64572029925,21531.983893146,17253.800529142056,124.7956,110.01701913554494,1.7458571285593527,1.5868973203213168,2025-01-01
2017-12-01,3. La Rioja,30736.249821360423,21123.1126809215,16926.16781434722,124.7956,115.38182948640198,1.830991160257424,1.5868973203213168,2025-01-01
2018-01-01,1. Resto país,28890.65258839591,30026.5013343638,23645.01828459052,126.9887,110.03667712998181,1.7768554463792614,1.61478471789941,2025-01-01
2018-01-01,2. NOA-Resto,21463.10884405889,21795.3973490275,17163.257320554898,126.9887,109.43968002148124,1.7672152283048927,1.61478471789941,2025-01-01
2018-01-01,3. La Rioja,21188.54865055828,21484.9461264319,16918.785786791974,126.9887,115.33150788649905,1.8623555642741396,1.61478471789941,2025-01-01
2018-02-01,1. Resto país,28600.57345226149,30373.9994307668,23353.72851637375,130.0606,108.68110371528817,1.7974190770974847,1.6538469114246228,2025-01-01
2018-02-01,2. NOA-Resto,20213.203552613097,21909.8276566633,16845.860819236033,130.0606,107.41583507786005,1.7764934708161548,1.6538469114246228,2025-01-01
2018-02-01,3. La Rioja,18033.499381170564,22217.2091913847,17082.197984158694,130.0606,116.44545160366953,1.9258295048417424,1.6538469114246228,2025-01-01
2018-03-01,1. Resto país,28972.205488738502,31297.6869491841,23513.461474278352,133.1054,109.4244520055883,1.852079431281806,1.6925645021162368,2025-01-01
2018-03-01,2. NOA-Resto,21115.863142607377,22308.5186982346,16760.04031259032,133.1054,106.86860976909888,1.8088201528568923,1.6925645021162368,2025-01-01
2018-03-01,3. La Rioja,18507.007590491416,22799.1924892299,17128.675838267944,133.1054,116.76228054549188,1.9762769123743678,1.6925645021162368,2025-01-01
2018-04-01,1. Resto país,29596.066438207512,31593.5887695254,23102.970043060242,136.7512,107.51415054005686,1.8695897883897534,1.7389243918112858,2025-01-01
2018-04-01,2. NOA-Resto,21453.529463370975,23052.1221620047,16856.979801277575,136.7512,107.48673408112406,1.8691130368980005,1.7389243918112858,2025-01-01
2018-04-01,3. La Rioja,20482.31554638892,23296.2722756418,17035.51579484626,136.7512,116.12722975532333,2.019364723750051,1.7389243918112858,2025-01-01
2018-05-01,1. Resto país,30909.434190836597,33270.4347815687,23834.5165292531,139.5893,110.91854395341427,1.9688192302770966,1.7750135911484732,2025-01-01
2018-05-01,2. NOA-Resto,21648.74308521708,23525.6616855993,16853.48496310197,139.5893,107.46444961818548,1.9075085863756962,1.7750135911484732,2025-01-01
2018-05-01,3. La Rioja,21449.164955427288,23920.2251325284,17136.145200619532,139.5893,116.81319748680288,2.073450131645858,1.7750135911484732,2025-01-01
2018-06-01,1. Resto país,43850.76270777197,33372.8987172865,23046.738425517924,144.8053,107.25246580505146,1.974882660718434,1.8413400996375222,2025-01-01
2018-06-01,2. NOA-Resto,31341.982382977025,23994.913727295,16570.46650039398,144.8053,105.65981257170598,1.9455564980846698,1.8413400996375222,2025-01-01
2018-06-01,3. La Rioja,32131.408133431378,24371.9844350372,16830.864916572253,144.8053,114.73217134634085,2.1126094781850058,1.8413400996375222,2025-01-01
2018-07-01,1. Resto país,31729.265363724815,34010.9272047798,22780.77813210736,149.2966,106.01476801251113,2.012638787558631,1.8984513434214312,2025-01-01
2018-07-01,2. NOA-Resto,22464.59723450925,24303.281754134,16278.523257819668,149.2966,103.7982676181439,1.970559606044825,1.8984513434214312,2025-01-01
2018-07-01,3. La Rioja,23402.982579514308,24413.8692020107,16352.595572846734,149.2966,111.47191820034902,2.116240128612165,1.8984513434214312,2025-01-01
2018-08-01,1. Resto país,32568.412194126115,35121.3131126395,22643.806075585384,155.1034,105.37734198991588,2.0783472504259084,1.9722904480023762,2025-01-01
2018-08-01,2. NOA-Resto,23066.934872315258,25085.4889410743,16173.397192501454,155.1034,103.12794247324473,2.0339825586211915,1.9722904480023762,2025-01-01
2018-08-01,3. La Rioja,23589.226073431844,24658.2029736598,15897.912601309707,155.1034,108.3724479795831,2.137419439767662,1.9722904480023762,2025-01-01
2018-09-01,1. Resto país,33488.151103395096,36377.185129104,22014.983892417193,165.2383,102.45099603794247,2.1526650341583875,2.101165549782604,2025-01-01
2018-09-01,2. NOA-Resto,23372.79387492916,25645.3072422185,15520.195525019622,165.2383,98.96287169771676,2.079373767187983,2.101165549782604,2025-01-01
2018-09-01,3. La Rioja,24006.060193881694,25081.4454967404,15178.953969352384,165.2383,103.47147079501559,2.1741068981982354,2.101165549782604,2025-01-01
2018-10-01,1. Resto país,34856.96475391953,37188.5132854447,21354.630985059604,174.1473,99.37791574744821,2.2006763837772314,2.2144521418318632,2025-01-01
2018-10-01,2. NOA-Resto,24528.79431202315,25843.7757261449,14840.181688803043,174.1473,94.62683598749085,2.0954659962727153,2.2144521418318632,2025-01-01
2018-10-01,3. La Rioja,25478.3348985909,25872.0721633897,14856.430253807954,174.1473,101.2729001108277,2.242639905599468,2.2144521418318632,2025-01-01
2018-11-01,1. Resto país,36343.17870864322,39098.5932636648,21765.116034879324,179.6388,101.28818751590498,2.3137077348003414,2.284281900529642,2025-01-01
2018-11-01,2. NOA-Resto,25721.663670564398,27341.3296516596,15220.169390832936,179.6388,97.04978704774477,2.2168907200341947,2.284281900529642,2025-01-01
2018-11-01,3. La Rioja,27114.42064383497,27006.0041730029,15033.502880782382,179.6388,102.47996386420458,2.3409312662193424,2.284281900529642,2025-01-01
2018-12-01,1. Resto país,53185.90396483247,39705.1507320294,21548.99874306364,184.2552,100.28244379536716,2.349601525062619,2.3429839123756633,2025-01-01
2018-12-01,2. NOA-Resto,37520.249827457876,27953.8494023079,15171.267569277774,184.2552,96.73796979746936,2.2665550695135352,2.3429839123756633,2025-01-01
2018-12-01,3. La Rioja,39449.882398842485,27855.6164485172,15117.954037941507,184.2552,103.05564816097753,2.4145772572061697,2.3429839123756633,2025-01-01
2019-01-01,1. Resto país,39594.497393748825,41051.9530427975,21650.720632918554,189.6101,100.75582633270743,2.4293002217051654,2.411076669336554,2025-01-01
2019-01-01,2. NOA-Resto,28756.9482817465,29253.3628646809,15428.166993573075,189.6101,98.37606158083439,2.37192226898766,2.411076669336554,2025-01-01
2019-01-01,3. La Rioja,28974.78904875515,28756.8782201343,15166.321952329701,189.6101,103.385361213085,2.4927003237180156,2.411076669336554,2025-01-01
2019-02-01,1. Resto país,39257.46381104818,41496.0078800267,21090.717554922056,196.7501,98.14974343001606,2.4555777172826727,2.5018687074139727,2025-01-01
2019-02-01,2. NOA-Resto,27490.709705604917,29755.6008386364,15123.550554046173,196.7501,96.43370733836888,2.412644747297823,2.5018687074139727,2025-01-01
2019-02-01,3. La Rioja,23405.34882276439,29336.7096880948,14910.645376086111,196.7501,101.64247224687735,2.542961206586556,2.5018687074139727,2025-01-01
2019-03-01,1. Resto país,41288.483061337756,43436.3274206604,21089.987876436597,205.9571,98.1463477297063,2.570398531905701,2.618944659035651,2025-01-01
2019-03-01,2. NOA-Resto,29203.153773701786,30744.7331957223,14927.736502272706,205.9571,95.18511991876913,2.4928456143092843,2.618944659035651,2025-01-01
2019-03-01,3. La Rioja,25733.201861053585,30608.6013695131,14861.639326594277,205.9571,101.30840917316279,2.6532111711945303,2.618944659035651,2025-01-01
2019-04-01,1. Resto país,41603.662424270915,45327.11128649,21275.169964140157,213.0517,99.00812847986846,2.682288011552816,2.7091593919970025,2025-01-01
2019-04-01,2. NOA-Resto,29501.003588874235,31690.5274339202,14874.571493172876,213.0517,94.84611890773982,2.5695325383336782,2.7091593919970025,2025-01-01
2019-04-01,3. La Rioja,27327.616325871375,31484.3458937271,14777.796137616877,213.0517,100.73686925696353,2.729122354678769,2.7091593919970025,2025-01-01
2019-05-01,1. Resto país,44212.10999646054,47673.5752331142,21712.33349005584,219.5691,101.04255370953885,2.8211429249795827,2.792034466081843,2025-01-01
2019-05-01,2. NOA-Resto,30358.047990140756,32960.4253906811,15011.413441454695,219.5691,95.71867699818708,2.6724984522669364,2.792034466081843,2025-01-01
2019-05-01,3. La Rioja,29608.634222676937,32522.7248381607,14812.068200015714,219.5691,100.97049409769673,2.8191309957808253,2.792034466081843,2025-01-01
2019-06-01,1. Resto país,63424.57049995064,48369.2605364429,21446.26404379011,225.537,99.80434795302331,2.862310965385639,2.8679221137068045,2025-01-01
2019-06-01,2. NOA-Resto,44048.59072964342,33758.0892413091,14967.871897431065,225.537,95.4410389859736,2.7371746626302693,2.8679221137068045,2025-01-01
2019-06-01,3. La Rioja,43400.05841456571,33424.1426157898,14819.8045623511,225.537,101.02323111706326,2.897267585187391,2.8679221137068045,2025-01-01
2019-07-01,1. Resto país,46877.06342702213,50401.9748393713,21866.935729073775,230.494,101.76202520470261,2.982599354627905,2.9309551855204963,2025-01-01
2019-07-01,2. NOA-Resto,32697.246657956664,35420.3290194484,15367.137113958886,230.494,97.98691106167696,2.8719524508935783,2.9309551855204963,2025-01-01
2019-07-01,3. La Rioja,33691.89310110709,34849.1628858455,15119.336245561924,230.494,103.06507035539998,3.020791024041943,2.9309551855204963,2025-01-01
2019-08-01,1. Resto país,48139.51479881728,52014.5093684787,21708.196092395487,239.6077,101.0232995273246,3.0780230847725814,3.046844736980743,2025-01-01
2019-08-01,2. NOA-Resto,33505.29576538337,36441.5882909795,15208.855262572737,239.6077,96.97764371542782,2.954758233591449,3.046844736980743,2025-01-01
2019-08-01,3. La Rioja,34471.21846929879,36299.4232206019,15149.52283278121,239.6077,103.27084544267991,3.14650231920581,3.046844736980743,2025-01-01
2019-09-01,1. Resto país,48864.110187983955,53160.2486397368,20953.138123629557,253.7102,97.50949087116203,3.1458236267536637,3.226171728155362,2025-01-01
2019-09-01,2. NOA-Resto,34455.491124321896,37666.9511494175,14846.447304608764,253.7102,94.6667880185132,3.0541131510060415,3.226171728155362,2025-01-01
2019-09-01,3. La Rioja,35879.6025886658,37681.98707131,14852.373720611155,253.7102,101.24524764827666,3.2663455557295835,3.226171728155362,2025-01-01
2019-10-01,1. Resto país,52599.02779809131,56221.0919968095,21453.019675879288,262.0661,99.83578659680266,3.326952827554162,3.3324251162465526,2025-01-01
2019-10-01,2. NOA-Resto,37150.97437991479,39244.4887182305,14975.034435293423,262.0661,95.48671014484269,3.182023111544283,3.3324251162465526,2025-01-01
2019-10-01,3. La Rioja,38531.7233083257,38876.8066362664,14834.733159407646,262.0661,101.12499596182566,3.3699147642351903,3.3324251162465526,2025-01-01
2019-11-01,1. Resto país,52662.29618912034,56724.6711961208,20761.856084501993,273.2158,96.61932281432608,3.3567527510622517,3.4742043861277554,2025-01-01
2019-11-01,2. NOA-Resto,37977.838445835776,40396.3481892841,14785.509545671994,273.2158,94.27822489703163,3.2754182245360624,3.4742043861277554,2025-01-01
2019-11-01,3. La Rioja,38917.72702293346,39226.297581751904,14357.258102112652,273.2158,97.87015728545836,3.400209297121527,3.4742043861277554,2025-01-01
2019-12-01,1. Resto país,77651.05739180333,58011.2219534096,20466.540487831324,283.4442,95.24501442635263,3.4328859873216406,3.6042684312637583,2025-01-01
2019-12-01,2. NOA-Resto,55107.593290103316,41104.1770547835,14501.682184635809,283.4442,92.46842999662299,3.3328104312535105,3.6042684312637583,2025-01-01
2019-12-01,3. La Rioja,57677.32040188309,40429.2350067904,14263.5605197744,283.4442,97.23144221496989,3.504482177016623,3.6042684312637583,2025-01-01
2020-01-01,1. Resto país,59475.21671444876,61552.7400924575,21237.539706033607,289.8299,98.83300877762291,3.642459714335132,3.6854688118731374,2025-01-01
2020-01-01,2. NOA-Resto,42877.94595529223,43794.7135558595,15110.488447140719,289.8299,96.35041820662421,3.550964613114472,3.6854688118731374,2025-01-01
2020-01-01,3. La Rioja,42472.80196080729,42862.6263547388,14788.89043357459,289.8299,100.81249654475276,3.715413118627547,3.6854688118731374,2025-01-01
2020-02-01,1. Resto país,61100.80531684164,64211.9358076971,21717.72737064698,295.666,101.06765517869151,3.799820917926452,3.759680494425464,2025-01-01
2020-02-01,2. NOA-Resto,42560.761653236696,45982.5780749023,15552.20352522857,295.666,99.1669672977285,3.728361126405978,3.759680494425464,2025-01-01
2020-02-01,3. La Rioja,35714.26610067312,43642.4638113959,14760.731302008313,295.666,100.6205421607184,3.783010897001681,3.759680494425464,2025-01-01
2020-03-01,1. Resto país,60981.4148019933,63865.3491898717,20901.664429685898,305.5515,97.26994805613882,3.779311225083203,3.8853842328588413,2025-01-01
2020-03-01,2. NOA-Resto,43264.018882136625,45345.6304403318,14840.585119147445,305.5515,94.62940841806027,3.676716114322911,3.8853842328588413,2025-01-01
2020-03-01,3. La Rioja,36460.763045541375,43754.2671024982,14319.768386834363,305.5515,97.61459843816472,3.7927022166849245,3.8853842328588413,2025-01-01
2020-04-01,1. Resto país,56948.24975213191,61796.532780025,19926.375579090385,310.1243,92.73125229072306,3.656886448900974,3.9435318283378917,2025-01-01
2020-04-01,2. NOA-Resto,41456.56928094942,44477.7015416069,14341.895021321096,310.1243,91.44956418938723,3.606342670684776,3.9435318283378917,2025-01-01
2020-04-01,3. La Rioja,39604.19591486511,44387.9990021816,14312.970316154391,310.1243,97.56825753923022,3.8476352904142286,3.9435318283378917,2025-01-01
2020-05-01,1. Resto país,57138.6719515018,61729.368527791,19602.306486861427,314.9087,91.22313393614164,3.6529119209979375,4.0043701234327935,2025-01-01
2020-05-01,2. NOA-Resto,42871.861725364324,46415.6549271727,14739.400634905513,314.9087,93.98421634456534,3.7634758800442154,4.0043701234327935,2025-01-01
2020-05-01,3. La Rioja,40284.377665849446,45038.5062555952,14302.083827977825,314.9087,97.49404682973757,3.904022483375587,4.0043701234327935,2025-01-01
2020-06-01,1. Resto país,84654.19661861178,64609.0186123849,20066.54535629449,321.9738,93.38355952652,3.8233187852376065,4.094209735228418,2025-01-01
2020-06-01,2. NOA-Resto,62931.38728349751,48297.1293717866,15000.329024220793,321.9738,95.64799839373302,3.9160296617873382,4.094209735228418,2025-01-01
2020-06-01,3. La Rioja,61631.28291240536,47043.5975392631,14611.00174587594,321.9738,99.59986989135237,4.077827569366586,4.094209735228418,2025-01-01
2020-07-01,1. Resto país,60758.06282558394,65453.2100362779,19943.001472960783,328.2014,92.80862411145057,3.873274859461088,4.17339972070894,2025-01-01
2020-07-01,2. NOA-Resto,45181.13187011397,49027.1825284291,14938.139364557586,328.2014,95.25145266077152,3.975223859315847,4.17339972070894,2025-01-01
2020-07-01,3. La Rioja,46642.037849308246,48469.6321625693,14768.258807722728,328.2014,100.67185545208625,4.201438934269876,4.17339972070894,2025-01-01
2020-08-01,1. Resto país,62091.7244321304,67168.4980622688,19927.567904852505,337.0632,92.73680100983763,3.9747791551881093,4.286086118893039,2025-01-01
2020-08-01,2. NOA-Resto,45186.012872439824,49120.9404261763,14573.213695881455,337.0632,92.92454304998851,3.9828259407103443,4.286086118893039,2025-01-01
2020-08-01,3. La Rioja,45631.52332082993,48281.2192442336,14324.084991845328,337.0632,97.64402375101746,4.185106947920981,4.286086118893039,2025-01-01
2020-09-01,1. Resto país,64134.75529497766,69834.6605030272,20147.285059151745,346.6207,93.75929738842153,4.132552623400062,4.407619018602412,2025-01-01
2020-09-01,2. NOA-Resto,47352.669820875424,51555.630586917,14873.788722634568,346.6207,94.84112765487664,4.180235579973334,4.407619018602412,2025-01-01
2020-09-01,3. La Rioja,47231.932308708616,49536.7302755126,14291.336401868844,346.6207,97.42078407467538,4.29393700694698,4.407619018602412,2025-01-01
2020-10-01,1. Resto país,68273.18803793799,73275.1329168296,20373.6151157435,359.657,94.81256819000208,4.336146844335357,4.573388240729672,2025-01-01
2020-10-01,2. NOA-Resto,50554.564163592884,53640.5915785869,14914.37441189436,359.657,95.0999179743997,4.349288465584761,4.573388240729672,2025-01-01
2020-10-01,3. La Rioja,51100.217824151805,51864.3411554792,14420.500964941373,359.657,98.30126947193627,4.49569869851752,4.573388240729672,2025-01-01
2020-11-01,1. Resto país,70233.60761087184,75874.3000597366,20450.13074990522,371.0211,95.16864852922245,4.489955782729351,4.717893814947542,2025-01-01
2020-11-01,2. NOA-Resto,51564.02768723826,54994.0884987054,14822.36145025321,371.0211,94.51320713672108,4.459032753811922,4.717893814947542,2025-01-01
2020-11-01,3. La Rioja,52827.10368703655,53857.7621607278,14516.091446208262,371.0211,98.95288800313803,4.668492182812016,4.717893814947542,2025-01-01
2020-12-01,1. Resto país,103596.6342984063,77487.7378462389,20080.65091461468,385.8826,93.4492024770957,4.58543296425032,4.9068722286572815,2025-01-01
2020-12-01,2. NOA-Resto,76198.84733642181,56915.1868030438,14749.352990532301,385.8826,94.04767647890426,4.6147993188408,4.9068722286572815,2025-01-01
2020-12-01,3. La Rioja,80329.32884675129,55381.6458635027,14351.941721006,385.8826,97.83391672675302,4.800585290072734,4.9068722286572815,2025-01-01
2021-01-01,1. Resto país,78771.58560510864,81773.89347127,20366.73659600789,401.5071,94.7805576647333,4.839071537774357,5.10555292878902,2025-01-01
2021-01-01,2. NOA-Resto,57582.55852780124,59113.4143297686,14722.881445874458,401.5071,93.87888349730868,4.793036085911275,5.10555292878902,2025-01-01
2021-01-01,3. La Rioja,54255.339108066015,56908.1381426234,14173.631834312122,401.5071,96.61841885576925,4.932904513640369,5.10555292878902,2025-01-01
2021-02-01,1. Resto país,80306.33564878834,84384.712385617,20291.639937434877,415.8595,94.43108080354075,4.9935699841903665,5.28805764129635,2025-01-01
2021-02-01,2. NOA-Resto,57447.833367880696,61865.7382535263,14876.596122855508,415.8595,94.8590287430054,5.016200117903998,5.28805764129635,2025-01-01
2021-02-01,3. La Rioja,50176.86177461651,60217.8817551824,14480.342941590226,415.8595,98.70919859219316,5.219799318816859,5.28805764129635,2025-01-01
2021-03-01,1. Resto país,82882.50877185407,87935.4510552744,20174.895857892556,435.8657,93.88778959383139,5.203689347535231,5.542455914711536,2025-01-01
2021-03-01,2. NOA-Resto,60442.23840093084,63062.4328273335,14468.317380177768,435.8657,92.25568287900597,5.113230552384986,5.542455914711536,2025-01-01
2021-03-01,3. La Rioja,52340.28786372152,62571.7007857575,14355.729479460646,435.8657,97.85973701312517,5.42383278220511,5.542455914711536,2025-01-01
2021-04-01,1. Resto país,85451.47216853226,90865.8702110008,20029.937202951434,453.6503,93.21319638696768,5.377100534507837,5.768604385354624,2025-01-01
2021-04-01,2. NOA-Resto,61103.919485322724,65343.3522099497,14403.9036698421,453.6503,91.84495572410343,5.298172143627643,5.768604385354624,2025-01-01
2021-04-01,3. La Rioja,57672.304420840745,64349.447723565,14184.813219249494,453.6503,96.69463980929022,5.577931232441576,5.768604385354624,2025-01-01
2021-05-01,1. Resto país,87469.3116213505,94289.9986468184,20116.27257919215,468.725,93.61497479990665,5.5797275802809505,5.960293844234967,2025-01-01
2021-05-01,2. NOA-Resto,62014.641265456055,66858.6933134316,14263.948650793453,468.725,90.95254746988812,5.421039088022629,5.960293844234967,2025-01-01
2021-05-01,3. La Rioja,59597.9535239136,65971.2811341998,14074.623955240237,468.725,95.94350470236003,5.718514804718051,5.960293844234967,2025-01-01
2021-06-01,1. Resto país,127893.41624918574,97367.6460961816,20133.717854426537,483.6049,93.69615977068169,5.761851184078167,6.149506231824346,2025-01-01
2021-06-01,2. NOA-Resto,91616.86409666824,70341.1779033804,14545.17477043355,483.6049,92.74575583192998,5.703406034637127,6.149506231824346,2025-01-01
2021-06-01,3. La Rioja,89570.66553438736,68092.028435813,14080.094812069316,483.6049,95.980798286869,5.902345172005765,6.149506231824346,2025-01-01
2021-07-01,1. Resto país,95522.33602883352,102774.039893194,20633.26804370178,498.0987,96.02091343447245,6.081781240414718,6.333808982732817,2025-01-01
2021-07-01,2. NOA-Resto,68531.23152652784,74540.3201316768,14964.969820575077,498.0987,95.42253420237775,6.0438810428614955,6.333808982732817,2025-01-01
2021-07-01,3. La Rioja,67596.12752042935,71075.8608601845,14269.433118412977,498.0987,97.27147438186026,6.160989382034916,6.333808982732817,2025-01-01
2021-08-01,1. Resto país,98314.61959355614,106120.593839958,20791.88866957305,510.3942,96.75908527198493,6.279817719613323,6.490158213010252,2025-01-01
2021-08-01,2. NOA-Resto,70499.40660432508,76713.4154295999,15030.228680028085,510.3942,95.83865036050064,6.220080037610211,6.490158213010252,2025-01-01
2021-08-01,3. La Rioja,71300.5535551091,74387.0245621949,14574.425916712005,510.3942,99.35054079747799,6.448007283237619,6.490158213010252,2025-01-01
2021-09-01,1. Resto país,100715.41928300113,109471.332579237,20713.71720306291,528.4968,96.39529919588115,6.478101839097736,6.72035036266015,2025-01-01
2021-09-01,2. NOA-Resto,73238.88534634208,79553.1626270724,15052.723616694064,528.4968,95.98208692530001,6.450332526773179,6.72035036266015,2025-01-01
2021-09-01,3. La Rioja,73700.08788465968,77076.818500833,14584.159923169449,528.4968,99.41689530167595,6.681163683951641,6.72035036266015,2025-01-01
2021-10-01,1. Resto país,104912.1767386896,113094.517166485,20672.38353105907,547.0802,96.20294493900803,6.692508279441859,6.956656351512795,2025-01-01
2021-10-01,2. NOA-Resto,76538.11503400229,81602.3715103637,14915.979688236514,547.0802,95.1101538478094,6.616486558587224,6.956656351512795,2025-01-01
2021-10-01,3. La Rioja,78132.88666855541,80055.1439142605,14633.164189502835,547.0802,99.75094622000562,6.939330535908133,6.956656351512795,2025-01-01
2021-11-01,1. Resto país,107531.68568177563,116483.382624597,20766.546903185383,560.9184,96.64115244857408,6.893048594786608,7.132622511361944,2025-01-01
2021-11-01,2. NOA-Resto,79464.25647994316,85072.9286863734,15166.720985864145,560.9184,96.70897899317823,6.897886406175726,7.132622511361944,2025-01-01
2021-11-01,3. La Rioja,82178.88916751654,83396.4859712548,14867.846369677802,560.9184,101.35072117163364,7.228964353715616,7.132622511361944,2025-01-01
2021-12-01,1. Resto país,162570.91042688116,121617.076998446,20879.991587102235,582.4575,97.16908928101908,7.196841324636912,7.406513097825993,2025-01-01
2021-12-01,2. NOA-Resto,116701.15617252789,87204.6053322251,14971.840062532476,582.4575,95.46634156757918,7.070727092218052,7.406513097825993,2025-01-01
2021-12-01,3. La Rioja,123625.54103445698,85898.034325669,14747.519660347578,582.4575,100.53048140969346,7.445803272916471,7.406513097825993,2025-01-01
2022-01-01,1. Resto país,121015.94066614786,126269.632366842,20869.920099532304,605.0317,97.12221966084742,7.472162057274331,7.693565986616923,2025-01-01
2022-01-01,2. NOA-Resto,86959.45900266657,89731.4790161088,14830.872335467515,605.0317,94.56747588869264,7.275611159374618,7.693565986616923,2025-01-01
2022-01-01,3. La Rioja,84014.16944696264,88428.2212655469,14615.469117658944,605.0317,99.630322946939,7.665124638602294,7.693565986616923,2025-01-01
2022-02-01,1. Resto país,124154.74517599841,130744.287967151,20640.55092189559,633.4341,96.05480572022766,7.736955350556929,8.054730101783596,2025-01-01
2022-02-01,2. NOA-Resto,87746.99231606776,94035.7379108449,14845.386112121989,633.4341,94.66002143778644,7.6246092411041895,8.054730101783596,2025-01-01
2022-02-01,3. La Rioja,75565.92061681036,92218.9213743403,14558.56597779316,633.4341,99.24242720743973,7.993709658018323,8.054730101783596,2025-01-01
2022-03-01,1. Resto país,132101.9308278488,138368.937259494,20467.064038646175,676.0566,95.24745087158104,8.188153426249038,8.596716606399108,2025-01-01
2022-03-01,2. NOA-Resto,97021.43778598012,100987.303317384,14937.699494004493,676.0566,95.24864787309735,8.188256329077172,8.596716606399108,2025-01-01
2022-03-01,3. La Rioja,82800.89830717487,96987.3369204148,14346.038027054954,676.0566,97.79367259020238,8.4070448915695,8.596716606399108,2025-01-01
2022-04-01,1. Resto país,137341.00127682567,147294.034907214,20544.823200272993,716.9399,95.60931820696831,8.71630714579906,9.116587493000015,2025-01-01
2022-04-01,2. NOA-Resto,97508.54704406305,103682.873315442,14461.8640021907,716.9399,92.21453360245714,8.406818637129906,9.116587493000015,2025-01-01
2022-04-01,3. La Rioja,90833.41806834342,102367.610649845,14278.40892239991,716.9399,97.33266039256766,8.873417143953004,9.116587493000015,2025-01-01
2022-05-01,1. Resto país,145916.87917146934,157006.62242497,20846.743388072977,753.147,97.014362340329,9.291061554818711,9.57699595264608,2025-01-01
2022-05-01,2. NOA-Resto,105170.01678660228,112994.026086055,15002.917901293506,753.147,95.66450609231032,9.16178587657942,9.57699595264608,2025-01-01
2022-05-01,3. La Rioja,101438.13669761996,110452.745195508,14665.496270383868,753.147,99.9713466487426,9.574251822355858,9.57699595264608,2025-01-01
2022-06-01,1. Resto país,216079.75968715103,164188.470578085,20703.99935261853,793.0278,96.35007529464008,9.716056324066994,10.084119077598162,2025-01-01
2022-06-01,2. NOA-Resto,154126.56474909652,118267.927341615,14913.465497882295,793.0278,95.094122381128,9.589404536709873,10.084119077598162,2025-01-01
2022-06-01,3. La Rioja,152209.7342110579,116230.936925027,14656.603075582847,793.0278,99.91072376603366,10.075116355857002,10.084119077598162,2025-01-01
2022-07-01,1. Resto país,160540.9353427976,172740.813201968,20280.43232807889,851.761,94.37892402035452,10.222151802901775,10.830968787795443,2025-01-01
2022-07-01,2. NOA-Resto,114815.7843903563,125020.175147293,14677.846854609803,851.761,93.59172522858077,10.136890547466859,10.830968787795443,2025-01-01
2022-07-01,3. La Rioja,114792.22414064484,121612.888814516,14277.818403814686,851.761,97.32863496191754,10.541634074312652,10.830968787795443,2025-01-01
2022-08-01,1. Resto país,172056.1836869387,185539.455899642,20363.628689822854,911.1316,94.76609442070797,10.979527353598982,11.585923658366754,2025-01-01
2022-08-01,2. NOA-Resto,124363.80657412879,135745.947700903,14898.61044232282,911.1316,94.99940070349032,11.006558041412317,11.585923658366754,2025-01-01
2022-08-01,3. La Rioja,125033.56923963835,130071.24955638,14275.791724969258,911.1316,97.31481955399227,11.274820701802904,11.585923658366754,2025-01-01
2022-09-01,1. Resto país,182134.64949786908,197787.004424046,20447.16741851775,967.3076,95.15485809204928,11.704291223290182,12.300256085682863,2025-01-01
2022-09-01,2. NOA-Resto,134828.1383571424,146591.602118649,15154.60047234706,967.3076,96.63169383126335,11.885945801178403,12.300256085682863,2025-01-01
2022-09-01,3. La Rioja,132707.49676968338,138019.861141091,14268.456191297475,967.3076,97.26481489229963,11.963821313018254,12.300256085682863,2025-01-01
2022-10-01,1. Resto país,190070.03937026986,205741.723313644,20000.05087105976,1028.706,93.0741145468362,12.175021576653801,13.080996403707026,2025-01-01
2022-10-01,2. NOA-Resto,142016.41833657504,151976.299984939,14773.54073806695,1028.706,94.20190707168702,12.322548076270815,13.080996403707026,2025-01-01
2022-10-01,3. La Rioja,140413.9770663131,144557.11119392,14052.325075767032,1028.706,95.7914983216284,12.530482450509286,13.080996403707026,2025-01-01
2022-11-01,1. Resto país,205295.16055711915,222825.368088474,20645.7672229123,1079.2787,96.07908078839976,13.18596743824925,13.724077426687115,2025-01-01
2022-11-01,2. NOA-Resto,152063.4399941472,163356.970761076,15135.754162578765,1079.2787,96.51152234678892,13.24531605254775,13.724077426687115,2025-01-01
2022-11-01,3. La Rioja,150382.2139215488,154744.539774921,14337.773901673496,1079.2787,97.73733793039771,13.413547932350617,13.724077426687115,2025-01-01
2022-12-01,1. Resto país,323889.37957049516,242197.476536032,21346.742894314626,1134.5875,99.34120698774119,14.332335975149002,14.427382563328052,2025-01-01
2022-12-01,2. NOA-Resto,235479.31275861763,176132.655884937,15523.937632393887,1134.5875,98.98673284633189,14.28119463467981,14.427382563328052,2025-01-01
2022-12-01,3. La Rioja,242331.0336228762,165841.246239425,14616.875846016723,1134.5875,99.63991229364117,14.375431332368152,14.427382563328052,2025-01-01
2023-01-01,1. Resto país,237863.12773134894,248976.085131551,20696.62771599097,1202.979,96.31576995430396,14.733468543599018,15.297046943184036,2025-01-01
2023-01-01,2. NOA-Resto,173123.60734207867,179090.716376657,14887.268720123708,1202.979,94.92708142136449,14.52104020682066,15.297046943184036,2025-01-01
2023-01-01,3. La Rioja,159044.0143181305,170843.522080121,14201.704442065988,1202.979,96.80978342668823,14.809038016375297,15.297046943184036,2025-01-01
2023-02-01,1. Resto país,251333.13352439975,264370.56745331,20610.329142695722,1282.7091,95.91416281100749,15.644456122638132,16.310892639979038,2025-01-01
2023-02-01,2. NOA-Resto,180046.5722670266,192014.955434241,14969.485710691615,1282.7091,95.45132929413307,15.568963844598908,16.310892639979038,2025-01-01
2023-02-01,3. La Rioja,149761.79039990308,179368.445094872,13983.563778792246,1282.7091,95.32276822691178,15.547994386947629,16.310892639979038,2025-01-01
2023-03-01,1. Resto país,271899.73678495164,284584.749064528,20604.761827722068,1381.1601,95.88825423132852,16.840655383085643,17.562792771738124,2025-01-01
2023-03-01,2. NOA-Resto,199456.41353037392,207282.781497285,15007.875010093687,1381.1601,95.69611456795053,16.806910292174255,17.562792771738124,2025-01-01
2023-03-01,3. La Rioja,163179.46904541046,191578.544841423,13870.842695312658,1381.1601,94.55437428350895,16.606388812026317,17.562792771738124,2025-01-01
2023-04-01,1. Resto país,287312.77402479993,306222.994159299,20452.84448244457,1497.2147,95.18127740976107,18.12112536587153,19.03853978325906,2025-01-01
2023-04-01,2. NOA-Resto,210789.12504553396,222868.095078827,14885.513418938981,1497.2147,94.91588893054471,18.070599274675736,19.03853978325906,2025-01-01
2023-04-01,3. La Rioja,189161.9025276602,207862.831510651,13883.301540564022,1497.2147,94.63930339293037,18.01794142706229,19.03853978325906,2025-01-01
2023-05-01,1. Resto país,309438.9768035525,332665.120520345,20616.465372410083,1613.5895,95.94271894573946,19.685870978931106,20.51835844892459,2025-01-01
2023-05-01,2. NOA-Resto,227544.3298740749,243588.441121661,15096.06012691958,1613.5895,96.25841756136454,19.75064715250335,20.51835844892459,2025-01-01
2023-05-01,3. La Rioja,204276.80944087348,224156.254866517,13891.776989532778,1613.5895,94.69707859748111,19.43028602729102,20.51835844892459,2025-01-01
2023-06-01,1. Resto país,470745.82013934205,356907.046439042,20876.500096018422,1709.6115,97.15284095029388,21.120417002781807,21.739371485376946,2025-01-01
2023-06-01,2. NOA-Resto,345605.8076180914,264838.724935692,15491.164216881554,1709.6115,98.7777566572617,21.473663464643778,21.739371485376946,2025-01-01
2023-06-01,3. La Rioja,316622.3689138555,240146.509287371,14046.846858913326,1709.6115,95.75415456550849,20.816351373677918,21.739371485376946,2025-01-01
2023-07-01,1. Resto país,362094.8037544895,389743.309991004,21437.037720208715,1818.0838,99.76141146734147,23.063543612217163,23.118702184528917,2025-01-01
2023-07-01,2. NOA-Resto,265836.6132976661,289928.630971432,15946.934402662408,1818.0838,101.68392664373924,23.50800417030093,23.118702184528917,2025-01-01
2023-07-01,3. La Rioja,245718.4165834493,262807.017287927,14455.165228793467,1818.0838,98.53756786061606,22.78060685357391,23.118702184528917,2025-01-01
2023-08-01,1. Resto país,400060.00490510184,431891.911572141,21126.814111280713,2044.2832,98.3177257538077,25.557739370915254,25.995047357902738,2025-01-01
2023-08-01,2. NOA-Resto,299071.30472981546,328061.59550786,16047.756764222297,2044.2832,102.32680968056873,26.599902636294843,25.995047357902738,2025-01-01
2023-08-01,3. La Rioja,285442.4579223258,299100.881609905,14631.088374150164,2044.2832,99.73679585970588,25.926627316985318,25.995047357902738,2025-01-01
2023-09-01,1. Resto país,439585.2208846088,478266.409775574,20749.767379576908,2304.9242,96.56306568207307,28.302007801935275,29.30935094285179,2025-01-01
2023-09-01,2. NOA-Resto,334218.94344474125,364706.380331569,15822.922954757863,2304.9242,100.89318087070814,29.57113645880206,29.30935094285179,2025-01-01
2023-09-01,3. La Rioja,319562.70281753293,334040.826832162,14492.486426762405,2304.9242,98.7919779638073,28.95528752479709,29.30935094285179,2025-01-01
2023-10-01,1. Resto país,476071.3444141932,517562.671734215,20733.416246308596,2496.273,96.4869725130808,30.62741282685064,31.74253687221709,2025-01-01
2023-10-01,2. NOA-Resto,364189.300613531,390525.080562438,15644.325783375376,2496.273,99.7543750529201,31.664569282822885,31.74253687221709,2025-01-01
2023-10-01,3. La Rioja,343739.73763258837,361792.602574128,14493.310730602301,2496.273,98.79759705527225,31.360863674134254,31.74253687221709,2025-01-01
2023-11-01,1. Resto país,526540.7187516862,573630.681694019,20369.95345750169,2816.0628,94.79552795341334,33.94530683505828,35.808974925210066,2025-01-01
2023-11-01,2. NOA-Resto,398331.3409326117,428978.626139565,15233.276265698512,2816.0628,97.13336163761312,34.782461112826496,35.808974925210066,2025-01-01
2023-11-01,3. La Rioja,390404.7489919269,399617.727782429,14190.653979109735,2816.0628,96.73445493848293,34.63961671295997,35.808974925210066,2025-01-01
2023-12-01,1. Resto país,846641.6395539185,635101.48718998,17975.28838623554,3533.1922,83.65148974164838,37.582917968054865,44.92797209485092,2025-01-01
2023-12-01,2. NOA-Resto,629489.2814641354,470953.483495407,13329.404596087554,3533.1922,84.99352696446785,38.18586807702572,44.92797209485092,2025-01-01
2023-12-01,3. La Rioja,634743.3839443132,447016.714219852,12651.92180091001,3533.1922,86.24526826861013,38.74825006085049,44.92797209485092,2025-01-01
2024-01-01,1. Resto país,747781.9450260489,784801.918761143,18415.95569615153,4261.5324,85.70222050951435,46.44162662013908,54.18952548024506,2025-01-01
2024-01-01,2. NOA-Resto,579417.7004418406,599183.073499175,14060.272626325099,4261.5324,89.65382901979713,48.58298452069831,54.18952548024506,2025-01-01
2024-01-01,3. La Rioja,487540.8676648729,515241.286093805,12090.51669051736,4261.5324,82.41829754312714,44.662084347517066,54.18952548024506,2025-01-01
2024-02-01,1. Resto país,863440.8158844076,906770.254756485,18790.096787641487,4825.7881,87.44335862113803,53.65925413144404,61.36458500402658,2025-01-01
2024-02-01,2. NOA-Resto,621044.6585730733,659716.364493316,13670.645101332073,4825.7881,87.16941065640573,53.4911470997591,61.36458500402658,2025-01-01
2024-02-01,3. La Rioja,493330.05777552247,596121.650038343,12352.835178120296,4825.7881,84.20646290576036,51.67294650868942,61.36458500402658,2025-01-01
2024-03-01,1. Resto país,928096.8332419554,992088.246798001,18519.153304173633,5357.0929,86.18247058747326,58.70805209644752,68.12064181527515,2025-01-01
2024-03-01,2. NOA-Resto,687854.0760807175,714662.863394166,13340.497854613759,5357.0929,85.06426194447947,57.946321192006266,68.12064181527515,2025-01-01
2024-03-01,3. La Rioja,594377.9503128517,678899.623280072,12672.911147015428,5357.0929,86.3883478587412,58.848297014987025,68.12064181527515,2025-01-01
2024-04-01,1. Resto país,1072584.9649730981,1111027.09206053,19056.326160271357,5830.2271,88.68230862599728,65.74640573736673,74.13700292201585,2025-01-01
2024-04-01,2. NOA-Resto,755073.8683998316,794017.165160318,13618.974896540789,5830.2271,86.8399411056445,64.38052967496853,74.13700292201585,2025-01-01
2024-04-01,3. La Rioja,682984.0205210554,746879.866554658,12810.476397302913,5830.2271,87.32609882671109,64.74095243884126,74.13700292201585,2025-01-01
2024-05-01,1. Resto país,1102698.3891054546,1184238.01997994,19497.74935955506,6073.7165,90.73655707159561,70.07875317137187,77.23320724642029,2025-01-01
2024-05-01,2. NOA-Resto,803472.8679882453,858422.227989478,14133.393087897304,6073.7165,90.12007384547493,69.60262340370267,77.23320724642029,2025-01-01
2024-05-01,3. La Rioja,746191.8381076272,808582.18597283,13312.80750382126,6073.7165,90.7503755273643,70.08942560795396,77.23320724642029,2025-01-01
2024-06-01,1. Resto país,1682124.7731060344,1269808.56063034,19991.5874781579,6351.7145,93.03472850699656,75.14249601344157,80.76822195250516,2025-01-01
2024-06-01,2. NOA-Resto,1208548.749900485,925017.781661502,14563.277075213347,6351.7145,92.86118324793567,75.00232659341522,80.76822195250516,2025-01-01
2024-06-01,3. La Rioja,1153275.1745416736,871787.757722439,13725.2352529768,6351.7145,93.56180152470016,75.56820351823217,80.76822195250516,2025-01-01
2024-07-01,1. Resto país,1258477.6667586223,1351511.60874901,20453.43783089863,6607.7479,95.18403867183663,79.97737518963454,84.02393542615934,2025-01-01
2024-07-01,2. NOA-Resto,918684.0099619128,1002884.8941011,15177.40854037576,6607.7479,96.77712704480493,81.31595073541908,84.02393542615934,2025-01-01
2024-07-01,3. La Rioja,884958.910699574,930873.156989239,14087.600965969645,6607.7479,96.03196602778506,80.6898371236574,84.02393542615934,2025-01-01
2024-08-01,1. Resto país,1300627.0715119701,1403097.99483379,20383.670813281442,6883.4412,94.85936432819837,83.03006354826336,87.5296436322222,2025-01-01
2024-08-01,2. NOA-Resto,943058.1574906374,1039759.12012619,15105.222662847618,6883.4412,96.31684149462043,84.3057881180536,87.5296436322222,2025-01-01
2024-08-01,3. La Rioja,924338.0213398496,971957.989024722,14120.233772385853,6883.4412,96.25441643397721,84.25114768493536,87.5296436322222,2025-01-01
2024-09-01,1. Resto país,1338357.2322222497,1456687.87740262,20452.658824987426,7122.2421,95.18041341678705,86.20131129547507,90.56622912321966,2025-01-01
2024-09-01,2. NOA-Resto,986488.4078775699,1081921.89301909,15190.748612983683,7122.2421,96.86218859520923,87.72443165690233,90.56622912321966,2025-01-01
2024-09-01,3. La Rioja,961453.6778853516,1016671.35906677,14274.597027062166,7122.2421,97.30667557056283,88.1269867494239,90.56622912321966,2025-01-01
2024-10-01,1. Resto país,1405610.6315523034,1528928.6764126,20904.26921749934,7313.9542,97.28206994127208,90.47625014839994,93.00403476511065,2025-01-01
2024-10-01,2. NOA-Resto,1053823.2197796823,1130224.43795908,15452.987632313585,7313.9542,98.53432773690007,91.6409004239946,93.00403476511065,2025-01-01
2024-10-01,3. La Rioja,1028833.191563738,1067153.0844463,14590.644885994774,7313.9542,99.46110181570465,92.50283771044006,93.00403476511065,2025-01-01
2024-11-01,1. Resto país,1451491.969832443,1582668.22287904,21126.379437700518,7491.4314,98.31570291602323,93.65635444232127,95.26082982117136,2025-01-01
2024-11-01,2. NOA-Resto,1078053.3752182184,1163036.26464202,15524.887068204614,7491.4314,98.99278682253153,94.30135019024672,95.26082982117136,2025-01-01
2024-11-01,3. La Rioja,1062635.4437348242,1104632.15855939,14745.274962531059,7491.4314,100.51517981611629,95.75159438907492,95.26082982117136,2025-01-01
2024-12-01,1. Resto país,2168435.63904089,1628969.45509484,21171.92445022753,7694.0075,98.5276554625595,96.39628726768048,97.83678177982328,2025-01-01
2024-12-01,2. NOA-Resto,1605417.5848511208,1202048.3364236,15623.176042180881,7694.0075,99.61951598359352,97.46452846298456,97.83678177982328,2025-01-01
2024-12-01,3. La Rioja,1631929.910835557,1135241.81551626,14754.883141409206,7694.0075,100.58067658237508,98.40489706056812,97.83678177982328,2025-01-01
2025-01-01,1. Resto país,1609131.2972222222,1689867.42256099,21488.306355034358,7864.1257,100.00000000000001,100,100,2025-01-01
2025-01-01,2. NOA-Resto,1195616.958,1233318.78313054,15682.846767448544,7864.1257,100,100,100,2025-01-01
2025-01-01,3. La Rioja,1079884.73,1153643.61879015,14669.69963094753,7864.1257,100,100,100,2025-01-01
2025-02-01,1. Resto país,1628345.0222222223,1711176.39708084,21248.950059036317,8052.9927,98.8861090676792,101.2609849882517,102.40162743075179,2025-01-01
2025-02-01,2. NOA-Resto,1213222.432,1284145.6909647,15946.192164866858,8052.9927,101.67919384358785,104.12114925430275,102.40162743075179,2025-01-01
2025-02-01,3. La Rioja,977250.35,1170170.83780311,14530.88164109611,8052.9927,99.05370939185035,101.43261044778218,102.40162743075179,2025-01-01
2025-03-01,1. Resto país,1668010.1161111111,1745802.69501702,20899.517470858937,8353.3158,97.2599567669628,103.31003910184032,106.22052747707225,2025-01-01
2025-03-01,2. NOA-Resto,1215869.708,1263191.53198832,15122.037311079752,8353.3158,96.42405830596513,102.42214334739585,106.22052747707225,2025-01-01
2025-03-01,3. La Rioja,1032444.38,1188047.1147966,14222.46139427172,8353.3158,96.9512788405544,102.98215978020403,106.22052747707225,2025-01-01
2025-04-01,1. Resto país,1693604.2122222222,1793678.03388068,20891.683799959745,8585.6078,97.22350126055963,106.14312163982459,109.17434597974446,2025-01-01
2025-04-01,2. NOA-Resto,1245649.514,1305318.85164655,15203.569532334683,8585.6078,96.94393982023307,105.8379122657365,109.17434597974446,2025-01-01
2025-04-01,3. La Rioja,1108947.1,1206219.12513411,14049.315473438119,8585.6078,95.77098254826817,104.55734383544696,109.17434597974446,2025-01-01
2025-05-01,1. Resto país,1667297.713888889,1795456.08690319,20603.1183051862,8714.4871,95.88060578054457,106.24834013204305,110.81317151377681,2025-01-01
2025-05-01,2. NOA-Resto,1228627.864,1312063.64174027,15056.120075503582,8714.4871,96.00374408270187,106.38479359001177,110.81317151377681,2025-01-01
2025-05-01,3. La Rioja,1119312.95,1230960.22612199,14125.446649889354,8714.4871,96.28995143220241,106.70194903109885,110.81317151377681,2025-01-01
2025-06-01,1. Resto país,2487451.245,1876669.59524111,21191.97293780746,8855.5681,98.62095498672248,111.05425018472879,112.6071535199393,2025-01-01
2025-06-01,2. NOA-Resto,1800384.932,1376583.46212282,15544.835143019453,8855.5681,99.11998359433346,111.61619209500972,112.6071535199393,2025-01-01
2025-06-01,3. La Rioja,1696904.64,1276851.87858928,14418.633160184041,8855.5681,98.28853707247126,110.67992383370014,112.6071535199393,2025-01-01
2025-07-01,1. Resto país,1762722.2511111111,1893946.96763475,20987.950292346286,9023.973,97.67149604803151,112.07666011837058,114.74858546576895,2025-01-01
2025-07-01,2. NOA-Resto,1304585.734,1424329.18123955,15783.836911297829,9023.973,100.64395288270559,115.48751228973967,114.74858546576895,2025-01-01
2025-07-01,3. La Rioja,1240321.54,1315956.50285648,14582.89494944721,9023.973,99.40827226402648,114.06958625893071,114.74858546576895,2025-01-01
2025-08-01,1. Resto país,1797184.8055555555,1939392.75238304,21095.84746458587,9193.2441,98.17361645927696,114.76597077916887,116.90103198630206,2025-01-01
2025-08-01,2. NOA-Resto,1321608.032,1463663.01032344,15921.071978535192,9193.2441,101.51901765425082,118.6767793001754,116.90103198630206,2025-01-01
2025-08-01,3. La Rioja,1274637.43,1344677.72199102,14626.803197698406,9193.2441,99.70758478818047,116.55919558600009,116.90103198630206,2025-01-01
2025-09-01,1. Resto país,1819606.6416666666,1980782.37883559,21107.874226082204,9384.0922,98.22958532577407,117.21525324357808,119.32785102862738,2025-01-01
2025-09-01,2. NOA-Resto,1342558.55,1479522.4032059,15766.28161438887,9384.0922,100.5320134040556,119.96269119087117,119.32785102862738,2025-01-01
2025-09-01,3. La Rioja,1297622.01,1389793.60965747,14810.10181951825,9384.0922,100.95708972987097,120.46992563569809,119.32785102862738,2025-01-01
2025-10-01,1. Resto país,2089120.3605555554,2271544.91593777,23652.410300986612,9603.8623,110.07107731152223,134.42148689364336,122.12244140502486,2025-01-01
2025-10-01,2. NOA-Resto,1591568.294,1704377.77493488,17746.79521316002,9603.8623,113.16054716542553,138.19442290570228,122.12244140502486,2025-01-01
2025-10-01,3. La Rioja,1411095.64,1462573.12468741,15229.00973587897,9603.8623,103.81268955058565,126.77859096739432,122.12244140502486,2025-01-01
