fecha,la_rioja_region,desoc,pea,tasa_desoc
2016-Q2,1. Resto país,1090019,11396835,9.564225506467364
2016-Q2,2. NOA-Resto,71614,1022134,7.006322067361031
2016-Q2,3. La Rioja,3688,84041,4.388334265418069
2016-Q3,1. Resto país,1000180,11442344,8.741041171284484
2016-Q3,2. NOA-Resto,64548,1018010,6.340605691496154
2016-Q3,3. La Rioja,4146,85517,4.848158845609645
2016-Q4,1. Resto país,871413,11296173,7.7142320677985365
2016-Q4,2. NOA-Resto,62466,1017073,6.141742038182117
2016-Q4,3. La Rioja,3462,83345,4.153818465414842
2017-Q1,1. Resto país,1075906,11359562,9.47136870242004
2017-Q1,2. NOA-Resto,69101,1031241,6.700761509676206
2017-Q1,3. La Rioja,4121,86709,4.752678499348395
2017-Q2,1. Resto país,1008965,11334340,8.901841659946676
2017-Q2,2. NOA-Resto,75727,1062011,7.130528779833731
2017-Q2,3. La Rioja,3757,86919,4.322415122125197
2017-Q3,1. Resto país,980142,11582025,8.462613403096608
2017-Q3,2. NOA-Resto,75682,1085468,6.972292135742371
2017-Q3,3. La Rioja,2300,83336,2.759911682826149
2017-Q4,1. Resto país,855034,11625062,7.355091955638603
2017-Q4,2. NOA-Resto,67274,1106130,6.0819252709898475
2017-Q4,3. La Rioja,3240,86760,3.7344398340248963
2018-Q1,1. Resto país,1104024,11777830,9.373747116404294
2018-Q1,2. NOA-Resto,75658,1065918,7.097919352145286
2018-Q1,3. La Rioja,3267,88094,3.7085386064885233
2018-Q2,1. Resto país,1151013,11721266,9.819869287157207
2018-Q2,2. NOA-Resto,85989,1074038,8.006141309711575
2018-Q2,3. La Rioja,2000,86038,2.3245542667193564
2018-Q3,1. Resto país,1090927,11830932,9.220972616527591
2018-Q3,2. NOA-Resto,72880,1070826,6.805961005802998
2018-Q3,3. La Rioja,3970,88043,4.509160296673217
2018-Q4,1. Resto país,1097438,11768617,9.325122909514347
2018-Q4,2. NOA-Resto,83423,1119475,7.451975256258514
2018-Q4,3. La Rioja,4243,90409,4.693116835713259
2019-Q1,1. Resto país,1222985,12079534,10.124438575196692
2019-Q1,2. NOA-Resto,108444,1107292,9.793622639737306
2019-Q1,3. La Rioja,6684,98604,6.778629670195935
2019-Q2,1. Resto país,1322558,12283001,10.767384941188233
2019-Q2,2. NOA-Resto,108128,1130744,9.562553504595204
2019-Q2,3. La Rioja,7207,97541,7.388687833833978
2019-Q3,1. Resto país,1181526,11973154,9.868126643990381
2019-Q3,2. NOA-Resto,100326,1154646,8.688896856698937
2019-Q3,3. La Rioja,5510,93065,5.9205931338311935
2019-Q4,1. Resto país,1093364,12210513,8.954283902732014
2019-Q4,2. NOA-Resto,97600,1132876,8.615241209099672
2019-Q4,3. La Rioja,4620,92314,5.0046580150356395
2020-Q1,1. Resto país,1274062,12223490,10.423062480519066
2020-Q1,2. NOA-Resto,117598,1124078,10.461729524107758
2020-Q1,3. La Rioja,2458,91750,2.6790190735694823
2020-Q2,1. Resto país,1345235,9978349,13.481538879828717
2020-Q2,2. NOA-Resto,86976,917486,9.479817675692054
2020-Q2,3. La Rioja,4380,86836,5.043990971486481
2020-Q3,1. Resto país,1317140,10942263,12.037180974356037
2020-Q3,2. NOA-Resto,90079,1037244,8.684456116400769
2020-Q3,3. La Rioja,7415,92976,7.97517638960592
2020-Q4,1. Resto país,1333064,11759691,11.335876087220319
2020-Q4,2. NOA-Resto,81074,1089650,7.440370761253614
2020-Q4,3. La Rioja,4016,92462,4.343405939737406
2021-Q1,1. Resto país,1233884,12106132,10.192223246863657
2021-Q1,2. NOA-Resto,115779,1136601,10.186424259700635
2021-Q1,3. La Rioja,5486,94403,5.811255998220396
2021-Q2,1. Resto país,1165628,12030380,9.689037254018576
2021-Q2,2. NOA-Resto,104165,1122993,9.275658886564743
2021-Q2,3. La Rioja,2709,100609,2.6926020534942205
2021-Q3,1. Resto país,1037923,12300631,8.437965499493481
2021-Q3,2. NOA-Resto,71645,1112204,6.441713930178277
2021-Q3,3. La Rioja,3701,103972,3.5596122032854995
2021-Q4,1. Resto país,875663,12363106,7.082872216739062
2021-Q4,2. NOA-Resto,66823,1125651,5.936387032925835
2021-Q4,3. La Rioja,4353,101664,4.2817516525023605
2022-Q1,1. Resto país,859622,12272984,7.004180890319746
2022-Q1,2. NOA-Resto,77825,1149711,6.769092406700467
2022-Q1,3. La Rioja,5257,103986,5.055488238801377
2022-Q2,1. Resto país,884783,12665953,6.985522526413922
2022-Q2,2. NOA-Resto,68165,1179871,5.777326504338186
2022-Q2,3. La Rioja,3751,104140,3.601882081812944
2022-Q3,1. Resto país,916538,12673392,7.231986511582693
2022-Q3,2. NOA-Resto,67797,1132445,5.986780814962316
2022-Q3,3. La Rioja,4645,105244,4.413553266694539
2022-Q4,1. Resto país,805684,12662086,6.362964206687587
2022-Q4,2. NOA-Resto,65254,1167633,5.5885710664224115
2022-Q4,3. La Rioja,4530,106851,4.239548530196255
2023-Q1,1. Resto país,909058,12882047,7.056782202393766
2023-Q1,2. NOA-Resto,59988,1177293,5.095418048013537
2023-Q1,3. La Rioja,4741,105808,4.480757598669287
2023-Q2,1. Resto país,806441,12685625,6.357124698231266
2023-Q2,2. NOA-Resto,61232,1186648,5.160081169816155
2023-Q2,3. La Rioja,4446,107485,4.136391124342931
2023-Q3,1. Resto país,756716,12888366,5.871310606790652
2023-Q3,2. NOA-Resto,53410,1210855,4.410932770645536
2023-Q3,3. La Rioja,3535,110642,3.1949892445906616
2023-Q4,1. Resto país,763910,13004763,5.8740785972031935
2023-Q4,2. NOA-Resto,54500,1224649,4.450254726048035
2023-Q4,3. La Rioja,3640,110575,3.291883337101515
2024-Q1,1. Resto país,1009842,12907796,7.823504492943645
2024-Q1,2. NOA-Resto,72969,1186743,6.148677514845253
2024-Q1,3. La Rioja,5431,107631,5.045944012412781
2024-Q2,1. Resto país,1019949,13083220,7.79585606601433
2024-Q2,2. NOA-Resto,61274,1195134,5.126956475173495
2024-Q2,3. La Rioja,7003,107773,6.497916917966466
2024-Q3,1. Resto país,939866,13070559,7.190710053028336
2024-Q3,2. NOA-Resto,50946,1184148,4.302333829892885
2024-Q3,3. La Rioja,3522,107667,3.2711973027947283
2024-Q4,1. Resto país,871098,13208437,6.595011960915588
2024-Q4,2. NOA-Resto,60820,1211290,5.021093214671962
2024-Q4,3. La Rioja,4829,113504,4.2544756131942485
2025-Q1,1. Resto país,1069272,13090087,8.168562974409568
2025-Q1,2. NOA-Resto,62278,1195623,5.208832550059676
2025-Q1,3. La Rioja,4116,108765,3.784305613018894
2025-Q2,1. Resto país,1028982,13081886,7.865700710126965
2025-Q2,2. NOA-Resto,55813,1203834,4.636270449247986
2025-Q2,3. La Rioja,5803,109259,5.311232941908676
2025-Q3,1. Resto país,895994,13253671,6.760345869457601
2025-Q3,2. NOA-Resto,56852,1199306,4.740408202743921
2025-Q3,3. La Rioja,5072,111214,4.5605769057852426
2025-Q4,1. Resto país,1036441,13256182,7.818548357287189
2025-Q4,2. NOA-Resto,52570,1222303,4.300897567951646
2025-Q4,3. La Rioja,3968,117877,3.366220721599634
