fecha,ANO4,TRIMESTRE,provincia,empleados_publicos,pob_tot,n_obs_publicos,empleados_publicos_cada_1000
2016-Q3,2016,3,Buenos Aires,927350,16278487,967,56.967825081041006
2016-Q3,2016,3,C.A.B.A.,282442,2920833,220,96.69912658477907
2016-Q3,2016,3,Catamarca,49335,311950,571,158.15034460650745
2016-Q3,2016,3,Chaco,101106,948621,306,106.58208072560063
2016-Q3,2016,3,Chubut,52672,522989,395,100.71339932579843
2016-Q3,2016,3,Corrientes,84669,901034,293,93.96870706321847
2016-Q3,2016,3,Córdoba,162890,3219241,347,50.598883401398034
2016-Q3,2016,3,Entre Ríos,102267,1053071,422,97.11311013217532
2016-Q3,2016,3,Formosa,41336,476403,267,86.76687594326653
2016-Q3,2016,3,Jujuy,78095,643014,418,121.45147695073513
2016-Q3,2016,3,La Pampa,30265,293856,258,102.99262223674181
2016-Q3,2016,3,La Rioja,51307,318423,599,161.12843607402732
2016-Q3,2016,3,Mendoza,113477,1484490,283,76.44174093459706
2016-Q3,2016,3,Misiones,90901,904487,304,100.50006246634833
2016-Q3,2016,3,Neuquén,68045,564794,335,120.47755464824343
2016-Q3,2016,3,Río Negro,54930,611651,352,89.80611492501443
2016-Q3,2016,3,Salta,77871,1188043,334,65.5456073559627
2016-Q3,2016,3,San Juan,54710,630487,288,86.7741920134753
2016-Q3,2016,3,San Luis,35690,421243,298,84.72544350885356
2016-Q3,2016,3,Santa Cruz,55765,317334,406,175.72967283682178
2016-Q3,2016,3,Santa Fe,161977,3115213,329,51.99548152887138
2016-Q3,2016,3,Santiago del Estero,70387,653596,348,107.69190753921383
2016-Q3,2016,3,Tierra del Fuego,21542,150046,190,143.56930541300667
2016-Q3,2016,3,Tucumán,99161,1288840,364,76.93817696533317
2017-Q3,2017,3,Buenos Aires,937528,16455757,951,56.97264489260506
2017-Q3,2017,3,C.A.B.A.,257173,2932693,213,87.69175634817555
2017-Q3,2017,3,Catamarca,48840,315920,551,154.59610027855155
2017-Q3,2017,3,Chaco,99808,959571,288,104.01314754197449
2017-Q3,2017,3,Chubut,50370,533286,386,94.45213262677062
2017-Q3,2017,3,Corrientes,89644,911259,307,98.37378835215894
2017-Q3,2017,3,Córdoba,147505,3258061,303,45.27386074109724
2017-Q3,2017,3,Entre Ríos,107659,1065686,453,101.02319069594608
2017-Q3,2017,3,Formosa,48324,481655,276,100.32907371458825
2017-Q3,2017,3,Jujuy,77951,651178,427,119.70766825660571
2017-Q3,2017,3,La Pampa,27255,297369,235,91.6538038598509
2017-Q3,2017,3,La Rioja,52623,323362,553,162.73711815241123
2017-Q3,2017,3,Mendoza,102397,1502592,255,68.14690880824602
2017-Q3,2017,3,Misiones,89664,919502,290,97.51365413017047
2017-Q3,2017,3,Neuquén,74579,572506,344,130.267630382913
2017-Q3,2017,3,Río Negro,65434,621623,377,105.26315789473684
2017-Q3,2017,3,Salta,97371,1206733,407,80.68976318705133
2017-Q3,2017,3,San Juan,54784,638151,307,85.84802029613681
2017-Q3,2017,3,San Luis,34591,426953,275,81.01828538504238
2017-Q3,2017,3,Santa Cruz,59203,326567,381,181.28898510872196
2017-Q3,2017,3,Santa Fe,175431,3142078,344,55.8327960031546
2017-Q3,2017,3,Santiago del Estero,78068,663521,372,117.65716533463146
2017-Q3,2017,3,Tierra del Fuego,20445,154062,161,132.70631304280096
2017-Q3,2017,3,Tucumán,100336,1306329,347,76.80760359756233
2018-Q3,2018,3,Buenos Aires,912618,16627804,892,54.88505878467175
2018-Q3,2018,3,C.A.B.A.,236845,2944678,173,80.43154463747818
2018-Q3,2018,3,Catamarca,49798,319657,535,155.7857328323797
2018-Q3,2018,3,Chaco,93681,970521,279,96.52650483606229
2018-Q3,2018,3,Chubut,48935,543468,349,90.0420999948479
2018-Q3,2018,3,Corrientes,95787,921493,292,103.9476154458037
2018-Q3,2018,3,Córdoba,158394,3296689,282,48.04638836117086
2018-Q3,2018,3,Entre Ríos,98364,1078698,394,91.18770962771787
2018-Q3,2018,3,Formosa,48229,486872,258,99.05889022165991
2018-Q3,2018,3,Jujuy,82951,659540,465,125.77099190344786
2018-Q3,2018,3,La Pampa,27887,300873,198,92.68694764900805
2018-Q3,2018,3,La Rioja,58035,328307,571,176.77052271197385
2018-Q3,2018,3,Mendoza,116565,1520477,287,76.6634418014873
2018-Q3,2018,3,Misiones,71474,934553,248,76.47934360063046
2018-Q3,2018,3,Neuquén,72665,580153,333,125.25144229194713
2018-Q3,2018,3,Río Negro,60452,648415,405,93.23041570599077
2018-Q3,2018,3,Salta,93839,1224911,391,76.60883117222394
2018-Q3,2018,3,San Juan,55693,645289,292,86.30706551638103
2018-Q3,2018,3,San Luis,55708,432692,420,128.74746933153375
2018-Q3,2018,3,Santa Cruz,62864,335439,307,187.40814276217137
2018-Q3,2018,3,Santa Fe,182041,3173167,327,57.36886838921494
2018-Q3,2018,3,Santiago del Estero,72803,673578,373,108.08399324205956
2018-Q3,2018,3,Tierra del Fuego,19756,157735,157,125.24804260310013
2018-Q3,2018,3,Tucumán,94495,1323873,318,71.3776925732302
2019-Q3,2019,3,Buenos Aires,1022939,16800733,938,60.88656965145509
2019-Q3,2019,3,C.A.B.A.,252887,2997776,181,84.35820421539168
2019-Q3,2019,3,Catamarca,47116,323667,483,145.569366045967
2019-Q3,2019,3,Chubut,54950,557330,367,98.59508729119193
2019-Q3,2019,3,Corrientes,96912,931431,290,104.04635448036409
2019-Q3,2019,3,Córdoba,151181,3334966,267,45.33209633921305
2019-Q3,2019,3,Entre Ríos,92959,1198810,463,77.54272987379152
2019-Q3,2019,3,Formosa,40394,491879,209,82.12182264337368
2019-Q3,2019,3,Jujuy,81017,667688,433,121.33960772097147
2019-Q3,2019,3,La Pampa,25558,304410,187,83.95913406261292
2019-Q3,2019,3,La Rioja,59938,339263,575,176.67119609270685
2019-Q3,2019,3,Mendoza,111399,1601428,246,69.56229065558989
2019-Q3,2019,3,Misiones,93754,949456,283,98.7449655381608
2019-Q3,2019,3,Neuquén,75921,587483,328,129.23097349199892
2019-Q3,2019,3,Río Negro,69099,649128,435,106.44895921913705
2019-Q3,2019,3,Salta,89205,1243371,359,71.74447530141848
2019-Q3,2019,3,San Juan,58946,670291,308,87.94090924687934
2019-Q3,2019,3,San Luis,62046,438538,441,141.48374827266963
2019-Q3,2019,3,Santa Cruz,57749,344794,341,167.48841337146237
2019-Q3,2019,3,Santa Fe,226086,3204351,376,70.55594096901369
2019-Q3,2019,3,Santiago del Estero,71715,692906,352,103.49888729495775
2019-Q3,2019,3,Tierra del Fuego,18796,161743,129,116.20904768676233
2019-Q3,2019,3,Tucumán,97756,1341357,319,72.87843579300663
2020-Q3,2020,3,Buenos Aires,1181845,16975154,572,69.62204878966047
2020-Q3,2020,3,C.A.B.A.,272488,3000320,89,90.81964590443685
2020-Q3,2020,3,Catamarca,51880,327373,311,158.4736676512724
2020-Q3,2020,3,Chaco,96783,1014396,195,95.4094850531745
2020-Q3,2020,3,Chubut,52411,567208,348,92.4017291716619
2020-Q3,2020,3,Corrientes,86156,941274,264,91.53126507265685
2020-Q3,2020,3,Córdoba,156003,3373714,139,46.24073054206729
2020-Q3,2020,3,Entre Ríos,96037,1212983,291,79.17423409891153
2020-Q3,2020,3,Formosa,35259,496924,189,70.95451215880094
2020-Q3,2020,3,Jujuy,67162,675790,393,99.38294440580654
2020-Q3,2020,3,La Pampa,27016,307885,140,87.74704841093265
2020-Q3,2020,3,La Rioja,60053,344195,500,174.47377213498163
2020-Q3,2020,3,Mendoza,115377,1620204,259,71.21140300851003
2020-Q3,2020,3,Misiones,83859,963908,258,86.99896670636616
2020-Q3,2020,3,Neuquén,68932,594658,273,115.91872975727225
2020-Q3,2020,3,Río Negro,76214,660281,356,115.42661382047946
2020-Q3,2020,3,Salta,97737,1261399,272,77.48301687253597
2020-Q3,2020,3,San Juan,61537,680771,272,90.39309841341655
2020-Q3,2020,3,San Luis,60002,444130,406,135.10008330894107
2020-Q3,2020,3,Santa Cruz,50661,353788,146,143.19592524336608
2020-Q3,2020,3,Santa Fe,204223,3225368,314,63.31773614669706
2020-Q3,2020,3,Tucumán,83538,1358269,150,61.503281014290984
2021-Q3,2021,3,Buenos Aires,1295276,17135902,760,75.58843415421026
2021-Q3,2021,3,C.A.B.A.,282198,3002328,112,93.99306138436573
2021-Q3,2021,3,Catamarca,50978,331130,501,153.95162020958537
2021-Q3,2021,3,Chaco,91438,1025296,222,89.18205084190322
2021-Q3,2021,3,Chubut,57783,577076,391,100.13065870006723
2021-Q3,2021,3,Corrientes,88705,950962,233,93.27922671988996
2021-Q3,2021,3,Córdoba,206175,3411905,317,60.42811860236437
2021-Q3,2021,3,Entre Ríos,112509,1226739,371,91.71388534969542
2021-Q3,2021,3,Formosa,34749,501811,197,69.24718668980951
2021-Q3,2021,3,Jujuy,81181,683735,471,118.73167235844296
2021-Q3,2021,3,La Pampa,30569,311314,133,98.19346383394257
2021-Q3,2021,3,La Rioja,67241,349161,589,192.57878170815184
2021-Q3,2021,3,Mendoza,131821,1638867,272,80.43422681645308
2021-Q3,2021,3,Misiones,89978,978609,263,91.94479102481175
2021-Q3,2021,3,Neuquén,67038,601691,284,111.41599259420533
2021-Q3,2021,3,Río Negro,77254,670338,361,115.24633841435217
2021-Q3,2021,3,Salta,98804,1279359,357,77.2292999853833
2021-Q3,2021,3,San Juan,59659,688415,287,86.661388842486
2021-Q3,2021,3,San Luis,63820,449747,415,141.9020026815076
2021-Q3,2021,3,Santa Cruz,56305,362914,281,155.14694941501293
2021-Q3,2021,3,Santa Fe,199925,3258674,349,61.35164180277008
2021-Q3,2021,3,Santiago del Estero,73630,713433,336,103.20520637537092
2021-Q3,2021,3,Tierra del Fuego,23329,168859,137,138.15668693999135
2021-Q3,2021,3,Tucumán,99678,1375233,289,72.48080870659736
2022-Q3,2022,3,Buenos Aires,1083267,17294491,833,62.63653553030269
2022-Q3,2022,3,C.A.B.A.,316135,3003897,177,105.24162446315569
2022-Q3,2022,3,Catamarca,52521,336386,459,156.1331327700915
2022-Q3,2022,3,Chaco,113204,1043892,252,108.44416855383507
2022-Q3,2022,3,Chubut,70083,590823,388,118.61928191691928
2022-Q3,2022,3,Corrientes,94047,966761,226,97.28050676433989
2022-Q3,2022,3,Córdoba,182377,3477195,267,52.44945998139305
2022-Q3,2022,3,Entre Ríos,115269,1251557,352,92.10047964255723
2022-Q3,2022,3,Formosa,39006,508680,190,76.68082094833687
2022-Q3,2022,3,Jujuy,87814,696127,448,126.14652211449922
2022-Q3,2022,3,La Pampa,32444,316915,201,102.37445371787388
2022-Q3,2022,3,La Rioja,69812,355587,562,196.32888716404142
2022-Q3,2022,3,Mendoza,145706,1667612,280,87.37404144369313
2022-Q3,2022,3,Misiones,104768,1003144,302,104.4396417662868
2022-Q3,2022,3,Neuquén,83616,611657,305,136.70406780270642
2022-Q3,2022,3,Río Negro,76231,688588,358,110.70625686186806
2022-Q3,2022,3,Salta,106535,1307458,336,81.48254093056909
2022-Q3,2022,3,San Juan,57043,698978,248,81.60914935806277
2022-Q3,2022,3,San Luis,64887,457363,391,141.8719922687231
2022-Q3,2022,3,Santa Cruz,69720,378953,287,183.98059917720667
2022-Q3,2022,3,Santa Fe,246248,3306470,365,74.47459072666621
2022-Q3,2022,3,Santiago del Estero,69966,730283,272,95.80669411721209
2022-Q3,2022,3,Tierra del Fuego,24769,172334,152,143.7267167245001
2022-Q3,2022,3,Tucumán,111839,1402905,322,79.71958186762468
2023-Q3,2023,3,Buenos Aires,1428392,17461449,981,81.80260412523612
2023-Q3,2023,3,C.A.B.A.,313927,3005004,184,104.46808057493435
2023-Q3,2023,3,Catamarca,50686,338773,442,149.61640980833775
2023-Q3,2023,3,Chaco,111691,1046481,248,106.73007918920649
2023-Q3,2023,3,Chubut,66353,596725,354,111.19527420503582
2023-Q3,2023,3,Corrientes,98312,969651,231,101.38905647495852
2023-Q3,2023,3,Córdoba,188523,3487843,277,54.05145816483139
2023-Q3,2023,3,Entre Ríos,114251,1254088,363,91.10285721576157
2023-Q3,2023,3,Formosa,44132,511185,238,86.33273668045815
2023-Q3,2023,3,Jujuy,87976,699388,440,125.7899763793488
2023-Q3,2023,3,La Pampa,34564,318102,217,108.65697166317722
2023-Q3,2023,3,La Rioja,73053,359105,573,203.4307514515253
2023-Q3,2023,3,Mendoza,135764,1675423,249,81.03267055543586
2023-Q3,2023,3,Misiones,113846,1007514,291,112.99694098543544
2023-Q3,2023,3,Neuquén,86001,615395,346,139.74926673112392
2023-Q3,2023,3,Río Negro,78249,685765,338,114.10468600759735
2023-Q3,2023,3,Salta,110141,1314719,308,83.77531624628533
2023-Q3,2023,3,San Juan,60582,703664,259,86.09506810068441
2023-Q3,2023,3,San Luis,61804,460874,387,134.1017284550658
2023-Q3,2023,3,Santa Cruz,69873,381207,277,183.29411579535528
2023-Q3,2023,3,Santa Fe,251223,3317731,352,75.72132882382569
2023-Q3,2023,3,Santiago del Estero,79516,733659,301,108.38277728481488
2023-Q3,2023,3,Tierra del Fuego,21628,175727,125,123.07727327047067
2023-Q3,2023,3,Tucumán,123423,1408591,343,87.62160201222356
2024-Q3,2024,3,Buenos Aires,1320223,17618696,925,74.93307109674859
2024-Q3,2024,3,C.A.B.A.,269197,3005583,162,89.56565165560225
2024-Q3,2024,3,Catamarca,55051,342572,481,160.69906472216059
2024-Q3,2024,3,Chaco,103602,1056766,263,98.03684070077955
2024-Q3,2024,3,Chubut,64836,606486,279,106.90436382702981
2024-Q3,2024,3,Corrientes,79983,978630,181,81.72956071242452
2024-Q3,2024,3,Córdoba,193137,3525366,277,54.78494998817144
2024-Q3,2024,3,Entre Ríos,113717,1267610,365,89.7097687774631
2024-Q3,2024,3,Formosa,45022,515723,212,87.29880187620098
2024-Q3,2024,3,Jujuy,81106,706991,373,114.71998936337238
2024-Q3,2024,3,La Pampa,36364,321515,240,113.10203256457709
2024-Q3,2024,3,La Rioja,74983,364082,541,205.9508572244714
2024-Q3,2024,3,Mendoza,131264,1693347,223,77.5174846029786
2024-Q3,2024,3,Misiones,87679,1021740,237,85.81341632900738
2024-Q3,2024,3,Neuquén,77425,622022,343,124.47308937626
2024-Q3,2024,3,Río Negro,78484,692370,283,113.35557577595794
2024-Q3,2024,3,Salta,91062,1332132,265,68.35809063966634
2024-Q3,2024,3,San Juan,57286,711236,250,80.54429190873353
2024-Q3,2024,3,San Luis,59532,466276,350,127.6754540229392
2024-Q3,2024,3,Santa Cruz,73354,390362,290,187.91275790164002
2024-Q3,2024,3,Santa Fe,239541,3349654,339,71.51216215167298
2024-Q3,2024,3,Santiago del Estero,70596,743800,267,94.91261091691315
2024-Q3,2024,3,Tierra del Fuego,22551,178993,138,125.98816713502762
2024-Q3,2024,3,Tucumán,127843,1424962,340,89.71677841233661
2025-Q3,2025,3,Buenos Aires,1086782,17770968,748,61.15491288938228
2025-Q3,2025,3,C.A.B.A.,265828,3005704,125,88.44117717513102
2025-Q3,2025,3,Catamarca,57882,346334,478,167.1276859909798
2025-Q3,2025,3,Chaco,93560,1066805,196,87.70112626018813
2025-Q3,2025,3,Chubut,59925,616040,245,97.2745276280761
2025-Q3,2025,3,Corrientes,82690,987424,171,83.7431539034903
2025-Q3,2025,3,Córdoba,197443,3562318,262,55.42542804993827
2025-Q3,2025,3,Entre Ríos,107068,1280578,361,83.60912025663411
2025-Q3,2025,3,Formosa,43947,520089,183,84.49899920975064
2025-Q3,2025,3,Jujuy,74194,714400,369,103.85498320268756
2025-Q3,2025,3,La Pampa,37351,324774,245,115.0061273377795
2025-Q3,2025,3,La Rioja,73064,368904,515,198.05694706481904
2025-Q3,2025,3,Mendoza,143382,1710861,217,83.80692528498808
2025-Q3,2025,3,Misiones,87642,1035837,212,84.60983726204026
2025-Q3,2025,3,Neuquén,79224,628496,322,126.05330821516763
2025-Q3,2025,3,Río Negro,74598,706080,245,105.65091774303195
2025-Q3,2025,3,Salta,84162,1349336,246,62.37290044881334
2025-Q3,2025,3,San Juan,50828,718550,179,70.73690070280426
2025-Q3,2025,3,San Luis,58036,471670,295,123.04365340174274
2025-Q3,2025,3,Santa Cruz,55851,399513,245,139.79770370425993
2025-Q3,2025,3,Santa Fe,220701,3375915,305,65.37516495527879
2025-Q3,2025,3,Santiago del Estero,58806,753712,219,78.02184388732036
2025-Q3,2025,3,Tierra del Fuego,27000,182108,152,148.26366771366443
2025-Q3,2025,3,Tucumán,96072,1440954,261,66.67249613797526
