jurisdiccion,fecha,anio,exportaciones_millones_usd,provisorio
Buenos Aires,1993-01-01,1993,5198.553,FALSE
C.A.B.A.,1993-01-01,1993,189.656,FALSE
Catamarca,1993-01-01,1993,11.542,FALSE
Chaco,1993-01-01,1993,152.621,FALSE
Chubut,1993-01-01,1993,396.095,FALSE
Corrientes,1993-01-01,1993,65.877,FALSE
Córdoba,1993-01-01,1993,1398.998,FALSE
Entre Ríos,1993-01-01,1993,222.322,FALSE
Formosa,1993-01-01,1993,31.37,FALSE
Jujuy,1993-01-01,1993,70.328,FALSE
La Pampa,1993-01-01,1993,105.333,FALSE
La Rioja,1993-01-01,1993,46.612,FALSE
Mendoza,1993-01-01,1993,471.845,FALSE
Misiones,1993-01-01,1993,138.459,FALSE
Neuquén,1993-01-01,1993,319.171,FALSE
Río Negro,1993-01-01,1993,212.789,FALSE
Salta,1993-01-01,1993,176.23,FALSE
San Juan,1993-01-01,1993,41.875,FALSE
San Luis,1993-01-01,1993,88.187,FALSE
Santa Cruz,1993-01-01,1993,328.389,FALSE
Santa Fe,1993-01-01,1993,2501.869,FALSE
Santiago del Estero,1993-01-01,1993,38.351,FALSE
Tierra del Fuego,1993-01-01,1993,195.641,FALSE
Tucumán,1993-01-01,1993,153.34,FALSE
Buenos Aires,1994-01-01,1994,6223.191,FALSE
C.A.B.A.,1994-01-01,1994,306.914,FALSE
Catamarca,1994-01-01,1994,25.035,FALSE
Chaco,1994-01-01,1994,246.209,FALSE
Chubut,1994-01-01,1994,540.394,FALSE
Corrientes,1994-01-01,1994,97.261,FALSE
Córdoba,1994-01-01,1994,1599.301,FALSE
Entre Ríos,1994-01-01,1994,205.144,FALSE
Formosa,1994-01-01,1994,35.035,FALSE
Jujuy,1994-01-01,1994,70.706,FALSE
La Pampa,1994-01-01,1994,130.924,FALSE
La Rioja,1994-01-01,1994,69.887,FALSE
Mendoza,1994-01-01,1994,460.504,FALSE
Misiones,1994-01-01,1994,155.59,FALSE
Neuquén,1994-01-01,1994,538.712,FALSE
Río Negro,1994-01-01,1994,232.566,FALSE
Salta,1994-01-01,1994,228.467,FALSE
San Juan,1994-01-01,1994,46.089,FALSE
San Luis,1994-01-01,1994,111.419,FALSE
Santa Cruz,1994-01-01,1994,567.179,FALSE
Santa Fe,1994-01-01,1994,2838.09,FALSE
Santiago del Estero,1994-01-01,1994,61.972,FALSE
Tierra del Fuego,1994-01-01,1994,236.959,FALSE
Tucumán,1994-01-01,1994,223.73,FALSE
Buenos Aires,1995-01-01,1995,8133.711,FALSE
C.A.B.A.,1995-01-01,1995,260.827,FALSE
Catamarca,1995-01-01,1995,18.421,FALSE
Chaco,1995-01-01,1995,389.407,FALSE
Chubut,1995-01-01,1995,745.364,FALSE
Corrientes,1995-01-01,1995,144.953,FALSE
Córdoba,1995-01-01,1995,2000.343,FALSE
Entre Ríos,1995-01-01,1995,381.723,FALSE
Formosa,1995-01-01,1995,52.893,FALSE
Jujuy,1995-01-01,1995,107.092,FALSE
La Pampa,1995-01-01,1995,143.337,FALSE
La Rioja,1995-01-01,1995,136.023,FALSE
Mendoza,1995-01-01,1995,728.203,FALSE
Misiones,1995-01-01,1995,231.558,FALSE
Neuquén,1995-01-01,1995,696.912,FALSE
Río Negro,1995-01-01,1995,404.014,FALSE
Salta,1995-01-01,1995,303.741,FALSE
San Juan,1995-01-01,1995,85.765,FALSE
San Luis,1995-01-01,1995,203.308,FALSE
Santa Cruz,1995-01-01,1995,768.629,FALSE
Santa Fe,1995-01-01,1995,3455.904,FALSE
Santiago del Estero,1995-01-01,1995,133.498,FALSE
Tierra del Fuego,1995-01-01,1995,232.808,FALSE
Tucumán,1995-01-01,1995,387.411,FALSE
Buenos Aires,1996-01-01,1996,8908.843,FALSE
C.A.B.A.,1996-01-01,1996,255.946,FALSE
Catamarca,1996-01-01,1996,21.61,FALSE
Chaco,1996-01-01,1996,427.195,FALSE
Chubut,1996-01-01,1996,841.906,FALSE
Corrientes,1996-01-01,1996,121.428,FALSE
Córdoba,1996-01-01,1996,2332.419,FALSE
Entre Ríos,1996-01-01,1996,404.856,FALSE
Formosa,1996-01-01,1996,56.168,FALSE
Jujuy,1996-01-01,1996,148.578,FALSE
La Pampa,1996-01-01,1996,145.741,FALSE
La Rioja,1996-01-01,1996,114.306,FALSE
Mendoza,1996-01-01,1996,657.043,FALSE
Misiones,1996-01-01,1996,195.853,FALSE
Neuquén,1996-01-01,1996,810.081,FALSE
Río Negro,1996-01-01,1996,418.913,FALSE
Salta,1996-01-01,1996,363.078,FALSE
San Juan,1996-01-01,1996,110.526,FALSE
San Luis,1996-01-01,1996,238.385,FALSE
Santa Cruz,1996-01-01,1996,1297.94,FALSE
Santa Fe,1996-01-01,1996,4217.954,FALSE
Santiago del Estero,1996-01-01,1996,173.981,FALSE
Tierra del Fuego,1996-01-01,1996,262.358,FALSE
Tucumán,1996-01-01,1996,362.48,FALSE
Buenos Aires,1997-01-01,1997,10367.901,FALSE
C.A.B.A.,1997-01-01,1997,307.025,FALSE
Catamarca,1997-01-01,1997,96.09,FALSE
Chaco,1997-01-01,1997,321.314,FALSE
Chubut,1997-01-01,1997,1064.383,FALSE
Corrientes,1997-01-01,1997,128.699,FALSE
Córdoba,1997-01-01,1997,2718.829,FALSE
Entre Ríos,1997-01-01,1997,479.773,FALSE
Formosa,1997-01-01,1997,43.529,FALSE
Jujuy,1997-01-01,1997,156.53,FALSE
La Pampa,1997-01-01,1997,142.686,FALSE
La Rioja,1997-01-01,1997,145.647,FALSE
Mendoza,1997-01-01,1997,867.608,FALSE
Misiones,1997-01-01,1997,256.803,FALSE
Neuquén,1997-01-01,1997,795.052,FALSE
Río Negro,1997-01-01,1997,407.819,FALSE
Salta,1997-01-01,1997,421.167,FALSE
San Juan,1997-01-01,1997,136.566,FALSE
San Luis,1997-01-01,1997,280.892,FALSE
Santa Cruz,1997-01-01,1997,1055.307,FALSE
Santa Fe,1997-01-01,1997,4253.32,FALSE
Santiago del Estero,1997-01-01,1997,142.715,FALSE
Tierra del Fuego,1997-01-01,1997,251.471,FALSE
Tucumán,1997-01-01,1997,416.472,FALSE
Buenos Aires,1998-01-01,1998,10427.197,FALSE
C.A.B.A.,1998-01-01,1998,287.199,FALSE
Catamarca,1998-01-01,1998,490.266,FALSE
Chaco,1998-01-01,1998,213.884,FALSE
Chubut,1998-01-01,1998,890.684,FALSE
Corrientes,1998-01-01,1998,111.823,FALSE
Córdoba,1998-01-01,1998,3098.446,FALSE
Entre Ríos,1998-01-01,1998,502.973,FALSE
Formosa,1998-01-01,1998,29.837,FALSE
Jujuy,1998-01-01,1998,119.857,FALSE
La Pampa,1998-01-01,1998,210.022,FALSE
La Rioja,1998-01-01,1998,123.492,FALSE
Mendoza,1998-01-01,1998,815.36,FALSE
Misiones,1998-01-01,1998,237.983,FALSE
Neuquén,1998-01-01,1998,671.522,FALSE
Río Negro,1998-01-01,1998,341.387,FALSE
Salta,1998-01-01,1998,408.454,FALSE
San Juan,1998-01-01,1998,138.802,FALSE
San Luis,1998-01-01,1998,312.272,FALSE
Santa Cruz,1998-01-01,1998,692.687,FALSE
Santa Fe,1998-01-01,1998,4654.055,FALSE
Santiago del Estero,1998-01-01,1998,142.918,FALSE
Tierra del Fuego,1998-01-01,1998,248.097,FALSE
Tucumán,1998-01-01,1998,383.302,FALSE
Buenos Aires,1999-01-01,1999,8572.211,FALSE
C.A.B.A.,1999-01-01,1999,252.798,FALSE
Catamarca,1999-01-01,1999,454.709,FALSE
Chaco,1999-01-01,1999,216.209,FALSE
Chubut,1999-01-01,1999,878.023,FALSE
Corrientes,1999-01-01,1999,117.637,FALSE
Córdoba,1999-01-01,1999,2550.369,FALSE
Entre Ríos,1999-01-01,1999,331.451,FALSE
Formosa,1999-01-01,1999,20.638,FALSE
Jujuy,1999-01-01,1999,116.364,FALSE
La Pampa,1999-01-01,1999,121.67,FALSE
La Rioja,1999-01-01,1999,117.947,FALSE
Mendoza,1999-01-01,1999,800.557,FALSE
Misiones,1999-01-01,1999,235.084,FALSE
Neuquén,1999-01-01,1999,836.55,FALSE
Río Negro,1999-01-01,1999,367.813,FALSE
Salta,1999-01-01,1999,356.903,FALSE
San Juan,1999-01-01,1999,167.461,FALSE
San Luis,1999-01-01,1999,295.433,FALSE
Santa Cruz,1999-01-01,1999,682.11,FALSE
Santa Fe,1999-01-01,1999,4283.171,FALSE
Santiago del Estero,1999-01-01,1999,104.975,FALSE
Tierra del Fuego,1999-01-01,1999,234.786,FALSE
Tucumán,1999-01-01,1999,334.45,FALSE
Buenos Aires,2000-01-01,2000,9640.077,FALSE
C.A.B.A.,2000-01-01,2000,235.949,FALSE
Catamarca,2000-01-01,2000,337.45,FALSE
Chaco,2000-01-01,2000,151.054,FALSE
Chubut,2000-01-01,2000,1286.261,FALSE
Corrientes,2000-01-01,2000,93.428,FALSE
Córdoba,2000-01-01,2000,2770.218,FALSE
Entre Ríos,2000-01-01,2000,289.309,FALSE
Formosa,2000-01-01,2000,14.164,FALSE
Jujuy,2000-01-01,2000,95.038,FALSE
La Pampa,2000-01-01,2000,124.502,FALSE
La Rioja,2000-01-01,2000,149.627,FALSE
Mendoza,2000-01-01,2000,904.82,FALSE
Misiones,2000-01-01,2000,282.096,FALSE
Neuquén,2000-01-01,2000,1275.676,FALSE
Río Negro,2000-01-01,2000,399.867,FALSE
Salta,2000-01-01,2000,407.638,FALSE
San Juan,2000-01-01,2000,157.401,FALSE
San Luis,2000-01-01,2000,323.43,FALSE
Santa Cruz,2000-01-01,2000,1035.571,FALSE
Santa Fe,2000-01-01,2000,4304.493,FALSE
Santiago del Estero,2000-01-01,2000,59.791,FALSE
Tierra del Fuego,2000-01-01,2000,366.279,FALSE
Tucumán,2000-01-01,2000,407.764,FALSE
Buenos Aires,2001-01-01,2001,10091.944,FALSE
C.A.B.A.,2001-01-01,2001,209.476,FALSE
Catamarca,2001-01-01,2001,368.391,FALSE
Chaco,2001-01-01,2001,165.195,FALSE
Chubut,2001-01-01,2001,1288.156,FALSE
Corrientes,2001-01-01,2001,79.907,FALSE
Córdoba,2001-01-01,2001,2769.633,FALSE
Entre Ríos,2001-01-01,2001,379.202,FALSE
Formosa,2001-01-01,2001,16.715,FALSE
Jujuy,2001-01-01,2001,111.568,FALSE
La Pampa,2001-01-01,2001,120.474,FALSE
La Rioja,2001-01-01,2001,165.248,FALSE
Mendoza,2001-01-01,2001,875.202,FALSE
Misiones,2001-01-01,2001,244.505,FALSE
Neuquén,2001-01-01,2001,1006.429,FALSE
Río Negro,2001-01-01,2001,393.482,FALSE
Salta,2001-01-01,2001,469.108,FALSE
San Juan,2001-01-01,2001,137.142,FALSE
San Luis,2001-01-01,2001,340.603,FALSE
Santa Cruz,2001-01-01,2001,1062.558,FALSE
Santa Fe,2001-01-01,2001,4339.167,FALSE
Santiago del Estero,2001-01-01,2001,47.516,FALSE
Tierra del Fuego,2001-01-01,2001,283.103,FALSE
Tucumán,2001-01-01,2001,417.974,FALSE
Buenos Aires,2002-01-01,2002,9198.062,FALSE
C.A.B.A.,2002-01-01,2002,178.084,FALSE
Catamarca,2002-01-01,2002,474.465,FALSE
Chaco,2002-01-01,2002,137.608,FALSE
Chubut,2002-01-01,2002,1264.616,FALSE
Corrientes,2002-01-01,2002,76.821,FALSE
Córdoba,2002-01-01,2002,2752.19,FALSE
Entre Ríos,2002-01-01,2002,347.016,FALSE
Formosa,2002-01-01,2002,22.772,FALSE
Jujuy,2002-01-01,2002,108.62,FALSE
La Pampa,2002-01-01,2002,155.156,FALSE
La Rioja,2002-01-01,2002,135.015,FALSE
Mendoza,2002-01-01,2002,876.493,FALSE
Misiones,2002-01-01,2002,271.269,FALSE
Neuquén,2002-01-01,2002,844.585,FALSE
Río Negro,2002-01-01,2002,295.797,FALSE
Salta,2002-01-01,2002,482.422,FALSE
San Juan,2002-01-01,2002,138.059,FALSE
San Luis,2002-01-01,2002,260.743,FALSE
Santa Cruz,2002-01-01,2002,870.552,FALSE
Santa Fe,2002-01-01,2002,4871.296,FALSE
Santiago del Estero,2002-01-01,2002,99.572,FALSE
Tierra del Fuego,2002-01-01,2002,380.018,FALSE
Tucumán,2002-01-01,2002,417.041,FALSE
Buenos Aires,2003-01-01,2003,10221.665,FALSE
C.A.B.A.,2003-01-01,2003,190.669,FALSE
Catamarca,2003-01-01,2003,517.821,FALSE
Chaco,2003-01-01,2003,198.543,FALSE
Chubut,2003-01-01,2003,1495.368,FALSE
Corrientes,2003-01-01,2003,73.684,FALSE
Córdoba,2003-01-01,2003,3374.697,FALSE
Entre Ríos,2003-01-01,2003,532.748,FALSE
Formosa,2003-01-01,2003,20.055,FALSE
Jujuy,2003-01-01,2003,111.614,FALSE
La Pampa,2003-01-01,2003,163.377,FALSE
La Rioja,2003-01-01,2003,160.394,FALSE
Mendoza,2003-01-01,2003,910.033,FALSE
Misiones,2003-01-01,2003,319.192,FALSE
Neuquén,2003-01-01,2003,981.672,FALSE
Río Negro,2003-01-01,2003,331.898,FALSE
Salta,2003-01-01,2003,518.077,FALSE
San Juan,2003-01-01,2003,150.211,FALSE
San Luis,2003-01-01,2003,278.967,FALSE
Santa Cruz,2003-01-01,2003,963.245,FALSE
Santa Fe,2003-01-01,2003,6274.255,FALSE
Santiago del Estero,2003-01-01,2003,145.252,FALSE
Tierra del Fuego,2003-01-01,2003,320.718,FALSE
Tucumán,2003-01-01,2003,387.735,FALSE
Buenos Aires,2004-01-01,2004,13120.958,FALSE
C.A.B.A.,2004-01-01,2004,239.873,FALSE
Catamarca,2004-01-01,2004,719.945,FALSE
Chaco,2004-01-01,2004,152.912,FALSE
Chubut,2004-01-01,2004,1803.4,FALSE
Corrientes,2004-01-01,2004,110.761,FALSE
Córdoba,2004-01-01,2004,3643.31,FALSE
Entre Ríos,2004-01-01,2004,686.438,FALSE
Formosa,2004-01-01,2004,18.924,FALSE
Jujuy,2004-01-01,2004,137.847,FALSE
La Pampa,2004-01-01,2004,138.872,FALSE
La Rioja,2004-01-01,2004,197.304,FALSE
Mendoza,2004-01-01,2004,965.283,FALSE
Misiones,2004-01-01,2004,398.063,FALSE
Neuquén,2004-01-01,2004,919.784,FALSE
Río Negro,2004-01-01,2004,344.967,FALSE
Salta,2004-01-01,2004,605.274,FALSE
San Juan,2004-01-01,2004,210.527,FALSE
San Luis,2004-01-01,2004,329.94,FALSE
Santa Cruz,2004-01-01,2004,781.616,FALSE
Santa Fe,2004-01-01,2004,7170.157,FALSE
Santiago del Estero,2004-01-01,2004,150.301,FALSE
Tierra del Fuego,2004-01-01,2004,368.767,FALSE
Tucumán,2004-01-01,2004,438.205,FALSE
Buenos Aires,2005-01-01,2005,15626.865,FALSE
C.A.B.A.,2005-01-01,2005,271.295,FALSE
Catamarca,2005-01-01,2005,1066.835,FALSE
Chaco,2005-01-01,2005,151.574,FALSE
Chubut,2005-01-01,2005,2038.589,FALSE
Corrientes,2005-01-01,2005,99.963,FALSE
Córdoba,2005-01-01,2005,4452.178,FALSE
Entre Ríos,2005-01-01,2005,815.341,FALSE
Formosa,2005-01-01,2005,33.276,FALSE
Jujuy,2005-01-01,2005,205.897,FALSE
La Pampa,2005-01-01,2005,242.874,FALSE
La Rioja,2005-01-01,2005,174.862,FALSE
Mendoza,2005-01-01,2005,1041.681,FALSE
Misiones,2005-01-01,2005,382.573,FALSE
Neuquén,2005-01-01,2005,900.583,FALSE
Río Negro,2005-01-01,2005,415.902,FALSE
Salta,2005-01-01,2005,809.574,FALSE
San Juan,2005-01-01,2005,284.316,FALSE
San Luis,2005-01-01,2005,374.93,FALSE
Santa Cruz,2005-01-01,2005,858.361,FALSE
Santa Fe,2005-01-01,2005,7720.431,FALSE
Santiago del Estero,2005-01-01,2005,101.791,FALSE
Tierra del Fuego,2005-01-01,2005,413.146,FALSE
Tucumán,2005-01-01,2005,560.886,FALSE
Buenos Aires,2006-01-01,2006,17829.157,FALSE
C.A.B.A.,2006-01-01,2006,327.125,FALSE
Catamarca,2006-01-01,2006,1447.763,FALSE
Chaco,2006-01-01,2006,192.202,FALSE
Chubut,2006-01-01,2006,2113.713,FALSE
Corrientes,2006-01-01,2006,134.592,FALSE
Córdoba,2006-01-01,2006,4799.082,FALSE
Entre Ríos,2006-01-01,2006,811.292,FALSE
Formosa,2006-01-01,2006,39.64,FALSE
Jujuy,2006-01-01,2006,285.813,FALSE
La Pampa,2006-01-01,2006,169.28,FALSE
La Rioja,2006-01-01,2006,162.4,FALSE
Mendoza,2006-01-01,2006,1176.338,FALSE
Misiones,2006-01-01,2006,420.964,FALSE
Neuquén,2006-01-01,2006,915.88,FALSE
Río Negro,2006-01-01,2006,416.022,FALSE
Salta,2006-01-01,2006,878.869,FALSE
San Juan,2006-01-01,2006,675.001,FALSE
San Luis,2006-01-01,2006,438.649,FALSE
Santa Cruz,2006-01-01,2006,1123.124,FALSE
Santa Fe,2006-01-01,2006,8930.927,FALSE
Santiago del Estero,2006-01-01,2006,159.183,FALSE
Tierra del Fuego,2006-01-01,2006,505.605,FALSE
Tucumán,2006-01-01,2006,652.756,FALSE
Buenos Aires,2007-01-01,2007,20767.885,FALSE
C.A.B.A.,2007-01-01,2007,360.79,FALSE
Catamarca,2007-01-01,2007,1626.794,FALSE
Chaco,2007-01-01,2007,293.007,FALSE
Chubut,2007-01-01,2007,1652.066,FALSE
Corrientes,2007-01-01,2007,136.954,FALSE
Córdoba,2007-01-01,2007,6719.092,FALSE
Entre Ríos,2007-01-01,2007,1240.521,FALSE
Formosa,2007-01-01,2007,30.554,FALSE
Jujuy,2007-01-01,2007,276.323,FALSE
La Pampa,2007-01-01,2007,225.502,FALSE
La Rioja,2007-01-01,2007,163.779,FALSE
Mendoza,2007-01-01,2007,1346.897,FALSE
Misiones,2007-01-01,2007,434.145,FALSE
Neuquén,2007-01-01,2007,685.237,FALSE
Río Negro,2007-01-01,2007,482.094,FALSE
Salta,2007-01-01,2007,1047.023,FALSE
San Juan,2007-01-01,2007,742.113,FALSE
San Luis,2007-01-01,2007,506.945,FALSE
Santa Cruz,2007-01-01,2007,798.032,FALSE
Santa Fe,2007-01-01,2007,12567.216,FALSE
Santiago del Estero,2007-01-01,2007,270.837,FALSE
Tierra del Fuego,2007-01-01,2007,456.132,FALSE
Tucumán,2007-01-01,2007,756.935,FALSE
Buenos Aires,2008-01-01,2008,25017.983,FALSE
C.A.B.A.,2008-01-01,2008,443.528,FALSE
Catamarca,2008-01-01,2008,1273.189,FALSE
Chaco,2008-01-01,2008,391.505,FALSE
Chubut,2008-01-01,2008,2773.506,FALSE
Corrientes,2008-01-01,2008,212.732,FALSE
Córdoba,2008-01-01,2008,9631.077,FALSE
Entre Ríos,2008-01-01,2008,1484.795,FALSE
Formosa,2008-01-01,2008,25.06,FALSE
Jujuy,2008-01-01,2008,322.275,FALSE
La Pampa,2008-01-01,2008,382.782,FALSE
La Rioja,2008-01-01,2008,178.87,FALSE
Mendoza,2008-01-01,2008,1587.524,FALSE
Misiones,2008-01-01,2008,473.982,FALSE
Neuquén,2008-01-01,2008,513.067,FALSE
Río Negro,2008-01-01,2008,554.308,FALSE
Salta,2008-01-01,2008,1148.941,FALSE
San Juan,2008-01-01,2008,983.308,FALSE
San Luis,2008-01-01,2008,581.75,FALSE
Santa Cruz,2008-01-01,2008,735.775,FALSE
Santa Fe,2008-01-01,2008,15243.846,FALSE
Santiago del Estero,2008-01-01,2008,301.804,FALSE
Tierra del Fuego,2008-01-01,2008,521.879,FALSE
Tucumán,2008-01-01,2008,1025.256,FALSE
Buenos Aires,2009-01-01,2009,18374.325,FALSE
C.A.B.A.,2009-01-01,2009,377.55,FALSE
Catamarca,2009-01-01,2009,1296.955,FALSE
Chaco,2009-01-01,2009,169.807,FALSE
Chubut,2009-01-01,2009,2926.795,FALSE
Corrientes,2009-01-01,2009,181.833,FALSE
Córdoba,2009-01-01,2009,7027.144,FALSE
Entre Ríos,2009-01-01,2009,1104.619,FALSE
Formosa,2009-01-01,2009,29.522,FALSE
Jujuy,2009-01-01,2009,403.948,FALSE
La Pampa,2009-01-01,2009,196.39,FALSE
La Rioja,2009-01-01,2009,222.988,FALSE
Mendoza,2009-01-01,2009,1529.36,FALSE
Misiones,2009-01-01,2009,451.55,FALSE
Neuquén,2009-01-01,2009,415.383,FALSE
Río Negro,2009-01-01,2009,480.007,FALSE
Salta,2009-01-01,2009,896.622,FALSE
San Juan,2009-01-01,2009,1135.183,FALSE
San Luis,2009-01-01,2009,473.188,FALSE
Santa Cruz,2009-01-01,2009,1345.991,FALSE
Santa Fe,2009-01-01,2009,12971.333,FALSE
Santiago del Estero,2009-01-01,2009,87.118,FALSE
Tierra del Fuego,2009-01-01,2009,334.638,FALSE
Tucumán,2009-01-01,2009,781.344,FALSE
Buenos Aires,2010-01-01,2010,22869.493,FALSE
C.A.B.A.,2010-01-01,2010,375.658,FALSE
Catamarca,2010-01-01,2010,1676.674,FALSE
Chaco,2010-01-01,2010,373.663,FALSE
Chubut,2010-01-01,2010,3307.576,FALSE
Corrientes,2010-01-01,2010,155.013,FALSE
Córdoba,2010-01-01,2010,8486.912,FALSE
Entre Ríos,2010-01-01,2010,1577.147,FALSE
Formosa,2010-01-01,2010,35.98,FALSE
Jujuy,2010-01-01,2010,383.032,FALSE
La Pampa,2010-01-01,2010,289.219,FALSE
La Rioja,2010-01-01,2010,275.182,FALSE
Mendoza,2010-01-01,2010,1696.229,FALSE
Misiones,2010-01-01,2010,528.56,FALSE
Neuquén,2010-01-01,2010,328.33,FALSE
Río Negro,2010-01-01,2010,495.162,FALSE
Salta,2010-01-01,2010,1012.075,FALSE
San Juan,2010-01-01,2010,2103.448,FALSE
San Luis,2010-01-01,2010,539.235,FALSE
Santa Cruz,2010-01-01,2010,1632.326,FALSE
Santa Fe,2010-01-01,2010,15448.057,FALSE
Santiago del Estero,2010-01-01,2010,520.726,FALSE
Tierra del Fuego,2010-01-01,2010,391.008,FALSE
Tucumán,2010-01-01,2010,913.718,FALSE
Buenos Aires,2011-01-01,2011,28017.684,FALSE
C.A.B.A.,2011-01-01,2011,434.053,FALSE
Catamarca,2011-01-01,2011,1649.193,FALSE
Chaco,2011-01-01,2011,589.96,FALSE
Chubut,2011-01-01,2011,3148.039,FALSE
Corrientes,2011-01-01,2011,278.836,FALSE
Córdoba,2011-01-01,2011,10854.896,FALSE
Entre Ríos,2011-01-01,2011,1856.223,FALSE
Formosa,2011-01-01,2011,40.041,FALSE
Jujuy,2011-01-01,2011,453.119,FALSE
La Pampa,2011-01-01,2011,370.669,FALSE
La Rioja,2011-01-01,2011,281.506,FALSE
Mendoza,2011-01-01,2011,1799.794,FALSE
Misiones,2011-01-01,2011,535.712,FALSE
Neuquén,2011-01-01,2011,362.165,FALSE
Río Negro,2011-01-01,2011,721.676,FALSE
Salta,2011-01-01,2011,1313.866,FALSE
San Juan,2011-01-01,2011,2462.623,FALSE
San Luis,2011-01-01,2011,728.267,FALSE
Santa Cruz,2011-01-01,2011,1846.928,FALSE
Santa Fe,2011-01-01,2011,18852.657,FALSE
Santiago del Estero,2011-01-01,2011,1055.515,FALSE
Tierra del Fuego,2011-01-01,2011,443.045,FALSE
Tucumán,2011-01-01,2011,1015.727,FALSE
Buenos Aires,2012-01-01,2012,27414.321,FALSE
C.A.B.A.,2012-01-01,2012,421.944,FALSE
Catamarca,2012-01-01,2012,1719.94,FALSE
Chaco,2012-01-01,2012,304.978,FALSE
Chubut,2012-01-01,2012,3248.154,FALSE
Corrientes,2012-01-01,2012,239.855,FALSE
Córdoba,2012-01-01,2012,10312.516,FALSE
Entre Ríos,2012-01-01,2012,1994.901,FALSE
Formosa,2012-01-01,2012,44.842,FALSE
Jujuy,2012-01-01,2012,609.14,FALSE
La Pampa,2012-01-01,2012,445.639,FALSE
La Rioja,2012-01-01,2012,260.761,FALSE
Mendoza,2012-01-01,2012,1807.025,FALSE
Misiones,2012-01-01,2012,441.196,FALSE
Neuquén,2012-01-01,2012,283.569,FALSE
Río Negro,2012-01-01,2012,628.186,FALSE
Salta,2012-01-01,2012,1312.475,FALSE
San Juan,2012-01-01,2012,2289.79,FALSE
San Luis,2012-01-01,2012,690.97,FALSE
Santa Cruz,2012-01-01,2012,1908.396,FALSE
Santa Fe,2012-01-01,2012,17931.537,FALSE
Santiago del Estero,2012-01-01,2012,790.349,FALSE
Tierra del Fuego,2012-01-01,2012,280.852,FALSE
Tucumán,2012-01-01,2012,879.567,FALSE
Buenos Aires,2013-01-01,2013,25536.988,FALSE
C.A.B.A.,2013-01-01,2013,392.139,FALSE
Catamarca,2013-01-01,2013,1102.072,FALSE
Chaco,2013-01-01,2013,282.537,FALSE
Chubut,2013-01-01,2013,2641.303,FALSE
Corrientes,2013-01-01,2013,255.144,FALSE
Córdoba,2013-01-01,2013,11300.164,FALSE
Entre Ríos,2013-01-01,2013,1832.788,FALSE
Formosa,2013-01-01,2013,37.028,FALSE
Jujuy,2013-01-01,2013,411.327,FALSE
La Pampa,2013-01-01,2013,329.795,FALSE
La Rioja,2013-01-01,2013,305.083,FALSE
Mendoza,2013-01-01,2013,1681.557,FALSE
Misiones,2013-01-01,2013,485.359,FALSE
Neuquén,2013-01-01,2013,254.411,FALSE
Río Negro,2013-01-01,2013,676.309,FALSE
Salta,2013-01-01,2013,922.47,FALSE
San Juan,2013-01-01,2013,1860.331,FALSE
San Luis,2013-01-01,2013,785.784,FALSE
Santa Cruz,2013-01-01,2013,1648.792,FALSE
Santa Fe,2013-01-01,2013,16794.654,FALSE
Santiago del Estero,2013-01-01,2013,602.319,FALSE
Tierra del Fuego,2013-01-01,2013,179.85,FALSE
Tucumán,2013-01-01,2013,920.837,FALSE
Buenos Aires,2014-01-01,2014,23269.592,FALSE
C.A.B.A.,2014-01-01,2014,366.089,FALSE
Catamarca,2014-01-01,2014,1060.039,FALSE
Chaco,2014-01-01,2014,405.341,FALSE
Chubut,2014-01-01,2014,2517.966,FALSE
Corrientes,2014-01-01,2014,233.436,FALSE
Córdoba,2014-01-01,2014,9596.896,FALSE
Entre Ríos,2014-01-01,2014,1547.277,FALSE
Formosa,2014-01-01,2014,34.838,FALSE
Jujuy,2014-01-01,2014,361.781,FALSE
La Pampa,2014-01-01,2014,284.013,FALSE
La Rioja,2014-01-01,2014,272.104,FALSE
Mendoza,2014-01-01,2014,1378.635,FALSE
Misiones,2014-01-01,2014,476.186,FALSE
Neuquén,2014-01-01,2014,211.436,FALSE
Río Negro,2014-01-01,2014,574.53,FALSE
Salta,2014-01-01,2014,1088.651,FALSE
San Juan,2014-01-01,2014,1739.502,FALSE
San Luis,2014-01-01,2014,543.861,FALSE
Santa Cruz,2014-01-01,2014,1593.723,FALSE
Santa Fe,2014-01-01,2014,16081.776,FALSE
Santiago del Estero,2014-01-01,2014,845.337,FALSE
Tierra del Fuego,2014-01-01,2014,174.01,FALSE
Tucumán,2014-01-01,2014,692.611,FALSE
Buenos Aires,2015-01-01,2015,18962.339,FALSE
C.A.B.A.,2015-01-01,2015,302.943,FALSE
Catamarca,2015-01-01,2015,585.358,FALSE
Chaco,2015-01-01,2015,266.809,FALSE
Chubut,2015-01-01,2015,1656.103,FALSE
Corrientes,2015-01-01,2015,174.935,FALSE
Córdoba,2015-01-01,2015,8538.279,FALSE
Entre Ríos,2015-01-01,2015,1276.954,FALSE
Formosa,2015-01-01,2015,34.534,FALSE
Jujuy,2015-01-01,2015,307.603,FALSE
La Pampa,2015-01-01,2015,327.205,FALSE
La Rioja,2015-01-01,2015,231.377,FALSE
Mendoza,2015-01-01,2015,1334.154,FALSE
Misiones,2015-01-01,2015,409.173,FALSE
Neuquén,2015-01-01,2015,135.945,FALSE
Río Negro,2015-01-01,2015,438.846,FALSE
Salta,2015-01-01,2015,859.817,FALSE
San Juan,2015-01-01,2015,1391.073,FALSE
San Luis,2015-01-01,2015,551.939,FALSE
Santa Cruz,2015-01-01,2015,2051.717,FALSE
Santa Fe,2015-01-01,2015,13207.016,FALSE
Santiago del Estero,2015-01-01,2015,576.044,FALSE
Tierra del Fuego,2015-01-01,2015,199.505,FALSE
Tucumán,2015-01-01,2015,828.16,FALSE
Buenos Aires,2016-01-01,2016,18534.181,FALSE
C.A.B.A.,2016-01-01,2016,315.071,FALSE
Catamarca,2016-01-01,2016,810.784,FALSE
Chaco,2016-01-01,2016,367.547,FALSE
Chubut,2016-01-01,2016,1932.579,FALSE
Corrientes,2016-01-01,2016,226.658,FALSE
Córdoba,2016-01-01,2016,8419.408,FALSE
Entre Ríos,2016-01-01,2016,1123.327,FALSE
Formosa,2016-01-01,2016,38.183,FALSE
Jujuy,2016-01-01,2016,533.691,FALSE
La Pampa,2016-01-01,2016,565.436,FALSE
La Rioja,2016-01-01,2016,208.574,FALSE
Mendoza,2016-01-01,2016,1324.396,FALSE
Misiones,2016-01-01,2016,356.131,FALSE
Neuquén,2016-01-01,2016,72.609,FALSE
Río Negro,2016-01-01,2016,395.878,FALSE
Salta,2016-01-01,2016,1075.412,FALSE
San Juan,2016-01-01,2016,1261.941,FALSE
San Luis,2016-01-01,2016,562.76,FALSE
Santa Cruz,2016-01-01,2016,2050.06,FALSE
Santa Fe,2016-01-01,2016,13829.381,FALSE
Santiago del Estero,2016-01-01,2016,893.262,FALSE
Tierra del Fuego,2016-01-01,2016,176.166,FALSE
Tucumán,2016-01-01,2016,1202.552,FALSE
Buenos Aires,2017-01-01,2017,19240.843732,FALSE
C.A.B.A.,2017-01-01,2017,333.492461,FALSE
Catamarca,2017-01-01,2017,610.307902,FALSE
Chaco,2017-01-01,2017,365.753187,FALSE
Chubut,2017-01-01,2017,2195.313503,FALSE
Corrientes,2017-01-01,2017,191.500075,FALSE
Córdoba,2017-01-01,2017,8068.175876,FALSE
Entre Ríos,2017-01-01,2017,1235.208281,FALSE
Formosa,2017-01-01,2017,37.710644,FALSE
Jujuy,2017-01-01,2017,536.909547,FALSE
La Pampa,2017-01-01,2017,396.431299,FALSE
La Rioja,2017-01-01,2017,245.845463,FALSE
Mendoza,2017-01-01,2017,1349.675922,FALSE
Misiones,2017-01-01,2017,422.744576,FALSE
Neuquén,2017-01-01,2017,59.934954,FALSE
Río Negro,2017-01-01,2017,378.680044,FALSE
Salta,2017-01-01,2017,880.891356,FALSE
San Juan,2017-01-01,2017,1440.22471,FALSE
San Luis,2017-01-01,2017,586.902527,FALSE
Santa Cruz,2017-01-01,2017,2085.822102,FALSE
Santa Fe,2017-01-01,2017,13761.033694,FALSE
Santiago del Estero,2017-01-01,2017,793.552341,FALSE
Tierra del Fuego,2017-01-01,2017,161.95875,FALSE
Tucumán,2017-01-01,2017,1051.384166,FALSE
Buenos Aires,2018-01-01,2018,21292.7094,FALSE
C.A.B.A.,2018-01-01,2018,323.992888,FALSE
Catamarca,2018-01-01,2018,469.244821,FALSE
Chaco,2018-01-01,2018,312.947373,FALSE
Chubut,2018-01-01,2018,3135.770344,FALSE
Corrientes,2018-01-01,2018,228.51498,FALSE
Córdoba,2018-01-01,2018,7854.391333,FALSE
Entre Ríos,2018-01-01,2018,1355.755785,FALSE
Formosa,2018-01-01,2018,45.246121,FALSE
Jujuy,2018-01-01,2018,486.158487,FALSE
La Pampa,2018-01-01,2018,417.465262,FALSE
La Rioja,2018-01-01,2018,223.959119,FALSE
Mendoza,2018-01-01,2018,1522.362358,FALSE
Misiones,2018-01-01,2018,484.789872,FALSE
Neuquén,2018-01-01,2018,123.045328,FALSE
Río Negro,2018-01-01,2018,449.366223,FALSE
Salta,2018-01-01,2018,854.451045,FALSE
San Juan,2018-01-01,2018,1278.876498,FALSE
San Luis,2018-01-01,2018,534.647851,FALSE
Santa Cruz,2018-01-01,2018,2414.542695,FALSE
Santa Fe,2018-01-01,2018,13659.627239,FALSE
Santiago del Estero,2018-01-01,2018,772.055061,FALSE
Tierra del Fuego,2018-01-01,2018,186.551521,FALSE
Tucumán,2018-01-01,2018,1116.855782,FALSE
Buenos Aires,2019-01-01,2019,22999.992696,FALSE
C.A.B.A.,2019-01-01,2019,328.245435,FALSE
Catamarca,2019-01-01,2019,143.078994,FALSE
Chaco,2019-01-01,2019,500.354988,FALSE
Chubut,2019-01-01,2019,2853.646001,FALSE
Corrientes,2019-01-01,2019,217.405396,FALSE
Córdoba,2019-01-01,2019,9040.790041,FALSE
Entre Ríos,2019-01-01,2019,1463.14403,FALSE
Formosa,2019-01-01,2019,80.163952,FALSE
Jujuy,2019-01-01,2019,488.670705,FALSE
La Pampa,2019-01-01,2019,555.942204,FALSE
La Rioja,2019-01-01,2019,244.436386,FALSE
Mendoza,2019-01-01,2019,1454.444511,FALSE
Misiones,2019-01-01,2019,430.057048,FALSE
Neuquén,2019-01-01,2019,359.799805,FALSE
Río Negro,2019-01-01,2019,409.130018,FALSE
Salta,2019-01-01,2019,993.151457,FALSE
San Juan,2019-01-01,2019,1245.985702,FALSE
San Luis,2019-01-01,2019,730.287712,FALSE
Santa Cruz,2019-01-01,2019,2458.530866,FALSE
Santa Fe,2019-01-01,2019,14276.570893,FALSE
Santiago del Estero,2019-01-01,2019,1112.664356,FALSE
Tierra del Fuego,2019-01-01,2019,252.897125,FALSE
Tucumán,2019-01-01,2019,951.895895,FALSE
Buenos Aires,2020-01-01,2020,19416.842381,FALSE
C.A.B.A.,2020-01-01,2020,280.854323,FALSE
Catamarca,2020-01-01,2020,137.01474,FALSE
Chaco,2020-01-01,2020,375.960486,FALSE
Chubut,2020-01-01,2020,1834.927133,FALSE
Corrientes,2020-01-01,2020,211.87758,FALSE
Córdoba,2020-01-01,2020,8177.006731,FALSE
Entre Ríos,2020-01-01,2020,1425.943181,FALSE
Formosa,2020-01-01,2020,25.277047,FALSE
Jujuy,2020-01-01,2020,328.542802,FALSE
La Pampa,2020-01-01,2020,591.754973,FALSE
La Rioja,2020-01-01,2020,172.949076,FALSE
Mendoza,2020-01-01,2020,1349.926383,FALSE
Misiones,2020-01-01,2020,392.227404,FALSE
Neuquén,2020-01-01,2020,418.11693,FALSE
Río Negro,2020-01-01,2020,426.936062,FALSE
Salta,2020-01-01,2020,922.167093,FALSE
San Juan,2020-01-01,2020,1119.852844,FALSE
San Luis,2020-01-01,2020,568.645088,FALSE
Santa Cruz,2020-01-01,2020,1851.95189,FALSE
Santa Fe,2020-01-01,2020,11378.190218,FALSE
Santiago del Estero,2020-01-01,2020,1120.427114,FALSE
Tierra del Fuego,2020-01-01,2020,217.410914,FALSE
Tucumán,2020-01-01,2020,773.750205,FALSE
Buenos Aires,2021-01-01,2021,28026.429085,FALSE
C.A.B.A.,2021-01-01,2021,305.154587,FALSE
Catamarca,2021-01-01,2021,158.818898,FALSE
Chaco,2021-01-01,2021,419.22357,FALSE
Chubut,2021-01-01,2021,2338.418477,FALSE
Corrientes,2021-01-01,2021,297.558386,FALSE
Córdoba,2021-01-01,2021,11757.33578,FALSE
Entre Ríos,2021-01-01,2021,1681.15706,FALSE
Formosa,2021-01-01,2021,32.093297,FALSE
Jujuy,2021-01-01,2021,529.794674,FALSE
La Pampa,2021-01-01,2021,838.479351,FALSE
La Rioja,2021-01-01,2021,165.270261,FALSE
Mendoza,2021-01-01,2021,1612.6677,FALSE
Misiones,2021-01-01,2021,465.336938,FALSE
Neuquén,2021-01-01,2021,784.186598,FALSE
Río Negro,2021-01-01,2021,434.165388,FALSE
Salta,2021-01-01,2021,1262.871152,FALSE
San Juan,2021-01-01,2021,1205.76132,FALSE
San Luis,2021-01-01,2021,849.810948,FALSE
Santa Cruz,2021-01-01,2021,2125.738586,FALSE
Santa Fe,2021-01-01,2021,17920.340618,FALSE
Santiago del Estero,2021-01-01,2021,1388.268882,FALSE
Tierra del Fuego,2021-01-01,2021,352.100673,FALSE
Tucumán,2021-01-01,2021,914.488169,FALSE
Buenos Aires,2022-01-01,2022,33108.001529,FALSE
C.A.B.A.,2022-01-01,2022,311.790193,FALSE
Catamarca,2022-01-01,2022,201.338527,FALSE
Chaco,2022-01-01,2022,516.639572,FALSE
Chubut,2022-01-01,2022,2596.175564,FALSE
Corrientes,2022-01-01,2022,273.45511,FALSE
Córdoba,2022-01-01,2022,12863.404948,FALSE
Entre Ríos,2022-01-01,2022,1920.651491,FALSE
Formosa,2022-01-01,2022,40.69478,FALSE
Jujuy,2022-01-01,2022,883.076365,FALSE
La Pampa,2022-01-01,2022,1213.783356,FALSE
La Rioja,2022-01-01,2022,187.207336,FALSE
Mendoza,2022-01-01,2022,1613.965103,FALSE
Misiones,2022-01-01,2022,439.41236,FALSE
Neuquén,2022-01-01,2022,2960.570986,FALSE
Río Negro,2022-01-01,2022,461.820876,FALSE
Salta,2022-01-01,2022,1333.363413,FALSE
San Juan,2022-01-01,2022,1155.75572,FALSE
San Luis,2022-01-01,2022,880.214509,FALSE
Santa Cruz,2022-01-01,2022,2234.06816,FALSE
Santa Fe,2022-01-01,2022,19265.305033,FALSE
Santiago del Estero,2022-01-01,2022,1546.634099,FALSE
Tierra del Fuego,2022-01-01,2022,391.346874,FALSE
Tucumán,2022-01-01,2022,931.964848,FALSE
Buenos Aires,2023-01-01,2023,26275.702331,FALSE
C.A.B.A.,2023-01-01,2023,316.580104,FALSE
Catamarca,2023-01-01,2023,277.208579,FALSE
Chaco,2023-01-01,2023,303.80978,FALSE
Chubut,2023-01-01,2023,2325.468424,FALSE
Corrientes,2023-01-01,2023,235.504416,FALSE
Córdoba,2023-01-01,2023,8316.609706,FALSE
Entre Ríos,2023-01-01,2023,1118.055493,FALSE
Formosa,2023-01-01,2023,20.639354,FALSE
Jujuy,2023-01-01,2023,1073.490567,FALSE
La Pampa,2023-01-01,2023,783.046471,FALSE
La Rioja,2023-01-01,2023,199.139106,FALSE
Mendoza,2023-01-01,2023,1317.755542,FALSE
Misiones,2023-01-01,2023,367.767102,FALSE
Neuquén,2023-01-01,2023,3602.478375,FALSE
Río Negro,2023-01-01,2023,422.235821,FALSE
Salta,2023-01-01,2023,1118.753887,FALSE
San Juan,2023-01-01,2023,1171.968785,FALSE
San Luis,2023-01-01,2023,609.201531,FALSE
Santa Cruz,2023-01-01,2023,2086.310741,FALSE
Santa Fe,2023-01-01,2023,11764.140336,FALSE
Santiago del Estero,2023-01-01,2023,883.754424,FALSE
Tierra del Fuego,2023-01-01,2023,296.087631,FALSE
Tucumán,2023-01-01,2023,769.180644,FALSE
Buenos Aires,2024-01-01,2024,29538.967374,TRUE
C.A.B.A.,2024-01-01,2024,363.706086,TRUE
Catamarca,2024-01-01,2024,328.720139,TRUE
Chaco,2024-01-01,2024,216.082163,TRUE
Chubut,2024-01-01,2024,2719.497686,TRUE
Corrientes,2024-01-01,2024,255.011131,TRUE
Córdoba,2024-01-01,2024,10230.380351,TRUE
Entre Ríos,2024-01-01,2024,1617.443693,TRUE
Formosa,2024-01-01,2024,24.75104,TRUE
Jujuy,2024-01-01,2024,1073.984293,TRUE
La Pampa,2024-01-01,2024,1006.297764,TRUE
La Rioja,2024-01-01,2024,219.813548,TRUE
Mendoza,2024-01-01,2024,1604.815742,TRUE
Misiones,2024-01-01,2024,441.471722,TRUE
Neuquén,2024-01-01,2024,4846.311371,TRUE
Río Negro,2024-01-01,2024,479.559056,TRUE
Salta,2024-01-01,2024,1123.823718,TRUE
San Juan,2024-01-01,2024,1890.991191,TRUE
San Luis,2024-01-01,2024,672.303609,TRUE
Santa Cruz,2024-01-01,2024,2160.285363,TRUE
Santa Fe,2024-01-01,2024,15385.662263,TRUE
Santiago del Estero,2024-01-01,2024,634.608906,TRUE
Tierra del Fuego,2024-01-01,2024,369.043482,TRUE
Tucumán,2024-01-01,2024,930.395427,TRUE
Buenos Aires,2025-01-01,2025,31683.844757,TRUE
C.A.B.A.,2025-01-01,2025,409.247171,TRUE
Catamarca,2025-01-01,2025,401.827607,TRUE
Chaco,2025-01-01,2025,234.965473,TRUE
Chubut,2025-01-01,2025,2593.862954,TRUE
Corrientes,2025-01-01,2025,335.577481,TRUE
Córdoba,2025-01-01,2025,10912.77319,TRUE
Entre Ríos,2025-01-01,2025,2115.225128,TRUE
Formosa,2025-01-01,2025,29.244629,TRUE
Jujuy,2025-01-01,2025,1258.805709,TRUE
La Pampa,2025-01-01,2025,945.68096,TRUE
La Rioja,2025-01-01,2025,163.352265,TRUE
Mendoza,2025-01-01,2025,1538.86867,TRUE
Misiones,2025-01-01,2025,533.43822,TRUE
Neuquén,2025-01-01,2025,6300.596803,TRUE
Río Negro,2025-01-01,2025,508.930134,TRUE
Salta,2025-01-01,2025,1447.687147,TRUE
San Juan,2025-01-01,2025,2101.11778,TRUE
San Luis,2025-01-01,2025,685.763174,TRUE
Santa Cruz,2025-01-01,2025,2752.796788,TRUE
Santa Fe,2025-01-01,2025,16189.634344,TRUE
Santiago del Estero,2025-01-01,2025,796.094642,TRUE
Tierra del Fuego,2025-01-01,2025,434.272485,TRUE
Tucumán,2025-01-01,2025,966.929004,TRUE
