anio,fecha,la_rioja_region,exportaciones_millones_usd,indice_2015,share_nacional_pct,total_nacional_millones_usd,provisorio
1993,1993-01-01,1. Resto país,12059.05,23.52550706289993,96.04631549335576,12555.453,FALSE
1993,1993-01-01,2. NOA-Resto,449.791,14.24749966898766,3.582435456530322,12555.453,FALSE
1993,1993-01-01,3. La Rioja,46.612,20.145476862436627,0.3712490501139226,12555.453,FALSE
1994,1994-01-01,1. Resto país,14571.481,28.42690586591914,95.54268829143368,15251.278,FALSE
1994,1994-01-01,2. NOA-Resto,609.91,19.319400617425124,3.999074700493952,15251.278,FALSE
1994,1994-01-01,3. La Rioja,69.887,30.204817246312295,0.45823700807237266,15251.278,FALSE
1995,1995-01-01,1. Resto país,19059.659,37.18270862306436,94.60838698997236,20145.845,FALSE
1995,1995-01-01,2. NOA-Resto,950.163,30.09719409233249,4.716421674047427,20145.845,FALSE
1995,1995-01-01,3. La Rioja,136.023,58.78847076416411,0.6751913359801983,20145.845,FALSE
1996,1996-01-01,1. Resto país,21703.555,42.3405771136646,94.8267462696375,22887.588,FALSE
1996,1996-01-01,2. NOA-Resto,1069.727,33.88448207813666,4.67383020001933,22887.588,FALSE
1996,1996-01-01,3. La Rioja,114.306,49.40249030802543,0.49942353034317116,22887.588,FALSE
1997,1997-01-01,1. Resto país,23878.977,46.58451885250703,94.54175729616094,25257.597999999998,FALSE
1997,1997-01-01,2. NOA-Resto,1232.974,39.05546499789989,4.881596421005671,25257.597999999998,FALSE
1997,1997-01-01,3. La Rioja,145.647,62.94791617144313,0.5766462828333874,25257.597999999998,FALSE
1998,1998-01-01,1. Resto país,23884.23,46.59476671519949,93.47113683782018,25552.519,FALSE
1998,1998-01-01,2. NOA-Resto,1544.797,48.9327148523495,6.045576171961755,25552.519,FALSE
1998,1998-01-01,3. La Rioja,123.492,53.372634272205104,0.48328699021806815,25552.519,FALSE
1999,1999-01-01,1. Resto país,20963.971,40.89775295955563,93.38354985289308,22449.319000000003,FALSE
1999,1999-01-01,2. NOA-Resto,1367.401,43.31355072661168,6.091057817834028,22449.319000000003,FALSE
1999,1999-01-01,3. La Rioja,117.947,50.976112578173286,0.5253923292728835,22449.319000000003,FALSE
2000,2000-01-01,1. Resto país,23654.595,46.14678119275875,94.19674406993369,25111.903000000002,FALSE
2000,2000-01-01,2. NOA-Resto,1307.681,41.42187063467578,5.207414985634501,25111.903000000002,FALSE
2000,2000-01-01,3. La Rioja,149.627,64.66805257220899,0.5958409444318099,25111.903000000002,FALSE
2001,2001-01-01,1. Resto país,23802.893,46.43608969105786,93.77605564231193,25382.698,FALSE
2001,2001-01-01,2. NOA-Resto,1414.557,44.80725579049865,5.572918213816357,25382.698,FALSE
2001,2001-01-01,3. La Rioja,165.248,71.41937184767716,0.6510261438717034,25382.698,FALSE
2002,2002-01-01,1. Resto país,22941.137,44.75492518270136,93.03627196585389,24658.271999999997,FALSE
2002,2002-01-01,2. NOA-Resto,1582.12,50.11495155816536,6.416183583342742,24658.271999999997,FALSE
2002,2002-01-01,3. La Rioja,135.015,58.35281812799024,0.5475444508033653,24658.271999999997,FALSE
2003,2003-01-01,1. Resto país,26800.997,52.284968070972404,93.5727251239356,28641.89,FALSE
2003,2003-01-01,2. NOA-Resto,1680.499,53.231187254156026,5.867276915035984,28641.89,FALSE
2003,2003-01-01,3. La Rioja,160.394,69.32149695086375,0.5599979610284098,28641.89,FALSE
2004,2004-01-01,1. Resto país,31404.552,61.26585509498743,93.3175425695118,33653.428,FALSE
2004,2004-01-01,2. NOA-Resto,2051.572,64.98522956418503,6.096175402993122,33653.428,FALSE
2004,2004-01-01,3. La Rioja,197.304,85.27381719012693,0.5862820274950891,33653.428,FALSE
2005,2005-01-01,1. Resto país,36123.878,70.47259502434565,92.52160199989125,39043.723,FALSE
2005,2005-01-01,2. NOA-Resto,2744.983,86.94959299736269,7.0305359967849395,39043.723,FALSE
2005,2005-01-01,3. La Rioja,174.862,75.57449530420051,0.44786200332381215,39043.723,FALSE
2006,2006-01-01,1. Resto país,41018.593,80.02149417505672,91.95885285309886,44605.377,FALSE
2006,2006-01-01,2. NOA-Resto,3424.384,108.47017816382862,7.67706548024468,44605.377,FALSE
2006,2006-01-01,3. La Rioja,162.4,70.18848027245578,0.3640816666564661,44605.377,FALSE
2007,2007-01-01,1. Resto país,49445.182,96.46058175124679,92.27107168578395,53586.873,FALSE
2007,2007-01-01,2. NOA-Resto,3977.912,126.00363258327097,7.42329562689728,53586.873,FALSE
2007,2007-01-01,3. La Rioja,163.779,70.78447728166584,0.30563268731877674,53586.873,FALSE
2008,2008-01-01,1. Resto país,61558.407,120.09177660424068,93.54138238959196,65808.742,FALSE
2008,2008-01-01,2. NOA-Resto,4071.465,128.96700076212028,6.186814815575718,65808.742,FALSE
2008,2008-01-01,3. La Rioja,178.87,77.30673316708229,0.271802794832334,65808.742,FALSE
2009,2009-01-01,1. Resto país,49524.618,96.61555019229715,93.06760774450994,53213.593,FALSE
2009,2009-01-01,2. NOA-Resto,3465.987,109.7879873879547,6.513348948265906,53213.593,FALSE
2009,2009-01-01,3. La Rioja,222.988,96.37431551104906,0.4190433072241523,53213.593,FALSE
2010,2010-01-01,1. Resto país,60633.015999999996,118.28646917899208,92.69059210382396,65414.422999999995,FALSE
2010,2010-01-01,2. NOA-Resto,4506.225,142.73838115009843,6.88873308566828,65414.422999999995,FALSE
2010,2010-01-01,3. La Rioja,275.182,118.93230528531357,0.42067481050776834,65414.422999999995,FALSE
2011,2011-01-01,1. Resto país,73343.268,143.08237956971425,92.70791807391917,79112.194,FALSE
2011,2011-01-01,2. NOA-Resto,5487.42,173.818539351824,6.936250560817464,79112.194,FALSE
2011,2011-01-01,3. La Rioja,281.506,121.66550694321388,0.3558313652633625,79112.194,FALSE
2012,2012-01-01,1. Resto país,70688.671,137.90363493621052,92.69319955469187,76260.903,FALSE
2012,2012-01-01,2. NOA-Resto,5311.471,168.24521014057095,6.964867698983317,76260.903,FALSE
2012,2012-01-01,3. La Rioja,260.761,112.69962010052858,0.34193274632481074,76260.903,FALSE
2013,2013-01-01,1. Resto país,66974.933,130.65865547690322,94.014366364084,71239.041,FALSE
2013,2013-01-01,2. NOA-Resto,3959.0249999999996,125.40537133249411,5.557381099501325,71239.041,FALSE
2013,2013-01-01,3. La Rioja,305.083,131.85537023991148,0.42825253641468874,71239.041,FALSE
2014,2014-01-01,1. Resto país,61029.107,119.0591868987172,93.38860373042662,65349.630000000005,FALSE
2014,2014-01-01,2. NOA-Resto,4048.419,128.23699976749947,6.195014417067089,65349.630000000005,FALSE
2014,2014-01-01,3. La Rioja,272.104,117.60200884271123,0.4163818525062804,65349.630000000005,FALSE
2015,2015-01-01,1. Resto país,51259.469,100,93.79964561446066,54647.827999999994,FALSE
2015,2015-01-01,2. NOA-Resto,3156.982,100,5.776957869213028,54647.827999999994,FALSE
2015,2015-01-01,3. La Rioja,231.377,100,0.4233965163263214,54647.827999999994,FALSE
2016,2016-01-01,1. Resto país,51551.712,100.5701249070684,91.60516722700928,56275.987,FALSE
2016,2016-01-01,2. NOA-Resto,4515.701,143.03854123970297,8.02420577714612,56275.987,FALSE
2016,2016-01-01,3. La Rioja,208.574,90.14465569179305,0.37062699584460423,56275.987,FALSE
2017,2017-01-01,1. Resto país,52311.406337,102.05218149450593,92.70092311081575,56430.297112,FALSE
2017,2017-01-01,2. NOA-Resto,3873.045312,122.6818940367731,6.863414708437519,56430.297112,FALSE
2017,2017-01-01,3. La Rioja,245.845463,106.25319845965674,0.43566218074673313,56430.297112,FALSE
2018,2018-01-01,1. Resto país,55620.603071,108.50795795602174,93.41198336201425,59543.327386,FALSE
2018,2018-01-01,2. NOA-Resto,3698.7651960000003,117.16142809810128,6.211888650464744,59543.327386,FALSE
2018,2018-01-01,3. La Rioja,223.959119,96.79402836064085,0.37612798752099624,59543.327386,FALSE
2019,2019-01-01,1. Resto país,59657.388423000004,116.3831572718789,93.81377854249124,63591.28621600001,FALSE
2019,2019-01-01,2. NOA-Resto,3689.4614070000002,116.86672293348522,5.801834852762746,63591.28621600001,FALSE
2019,2019-01-01,3. La Rioja,244.436386,105.64420231915877,0.38438660474601016,63591.28621600001,FALSE
2020,2020-01-01,1. Resto país,50063.701568,97.6672262601862,93.5445731203704,53518.552597999995,FALSE
2020,2020-01-01,2. NOA-Resto,3281.901954,103.95694223153632,6.132269642364442,53518.552597999995,FALSE
2020,2020-01-01,3. La Rioja,172.949076,74.74773897146216,0.32315723726516316,53518.552597999995,FALSE
2021,2021-01-01,1. Resto país,71445.958362,139.38099585463908,94.17454078539991,75865.470398,FALSE
2021,2021-01-01,2. NOA-Resto,4254.241775,134.756605359169,5.6076127290606665,75865.470398,FALSE
2021,2021-01-01,3. La Rioja,165.270261,71.42899294225441,0.21784648553943048,75865.470398,FALSE
2022,2022-01-01,1. Resto país,82247.056164,160.452415462985,94.1789221466538,87330.64075199999,FALSE
2022,2022-01-01,2. NOA-Resto,4896.377252,155.0967744510422,5.606711699167129,87330.64075199999,FALSE
2022,2022-01-01,3. La Rioja,187.207336,80.910088729649,0.21436615417906765,87330.64075199999,FALSE
2023,2023-01-01,1. Resto país,61333.361943,119.6527454137303,93.417813565831,65654.88915,FALSE
2023,2023-01-01,2. NOA-Resto,4122.3881010000005,130.5800318468715,6.27887451242464,65654.88915,FALSE
2023,2023-01-01,3. La Rioja,199.139106,86.06694096647462,0.30331192174436866,65654.88915,FALSE
2024,2024-01-01,1. Resto país,73822.581087,144.01745185265185,94.48210759394074,78133.92711799999,TRUE
2024,2024-01-01,2. NOA-Resto,4091.532483,129.60265478232057,5.236563211293419,78133.92711799999,TRUE
2024,2024-01-01,3. La Rioja,219.813548,95.00233298901793,0.281329194765843,78133.92711799999,TRUE
2025,2025-01-01,1. Resto país,80305.840141,156.66537657852055,94.10046318010308,85340.536515,TRUE
2025,2025-01-01,2. NOA-Resto,4871.344109,154.30382906839506,5.708124541897837,85340.536515,TRUE
2025,2025-01-01,3. La Rioja,163.352265,70.60004451609278,0.19141227799908211,85340.536515,TRUE
