anio,la_rioja_region,letra,letra_desc,vab_millones_2004,share_en_pbg,share_en_servicios
2004,1. Resto país,E,"Electricidad, gas y agua",8121.12266262416,0.02124540109482042,0.05452668349264601
2004,1. Resto país,H,Hotelería y restaurantes,6516.5099112224525,0.01704762660949119,0.0437530238326806
2004,1. Resto país,I,Transporte y comunicaciones,27840.151710630347,0.07283170248802406,0.18692380398331163
2004,1. Resto país,J,Finanzas,14448.502115752672,0.03779824975200391,0.09700985128993271
2004,1. Resto país,K,Serv. inmobiliarios y profesionales,50166.63632838935,0.13123928238146182,0.3368278518385133
2004,1. Resto país,M,Enseñanza,15316.467023114415,0.04006890411337645,0.10283752435344298
2004,1. Resto país,N,Salud,12041.97745689699,0.03150261997937786,0.08085201033099922
2004,1. Resto país,O,"Serv. comunitarios, sociales y personales",11642.984892250346,0.03045882869313345,0.07817310223021001
2004,1. Resto país,P,Servicio doméstico,2844.1518101347388,0.00744049172646618,0.019096148648263585
2004,2. NOA-Resto,E,"Electricidad, gas y agua",550.5543389870754,0.02012275120118829,0.05885042270092496
2004,2. NOA-Resto,H,Hotelería y restaurantes,362.5434452001533,0.01325095641023654,0.03875336817203709
2004,2. NOA-Resto,I,Transporte y comunicaciones,1845.0267292650408,0.06743569381516434,0.19722050163390262
2004,2. NOA-Resto,J,Finanzas,571.7157250048783,0.02089619948004846,0.061112427418527196
2004,2. NOA-Resto,K,Serv. inmobiliarios y profesionales,2665.3191554803907,0.09741736725964172,0.2849040463861926
2004,2. NOA-Resto,M,Enseñanza,1552.2341221568047,0.05673412928435674,0.16592301204599466
2004,2. NOA-Resto,N,Salud,1064.9290144087895,0.03892313634890416,0.1138334914583389
2004,2. NOA-Resto,O,"Serv. comunitarios, sociales y personales",564.6177165310088,0.02063676739781951,0.06035369976997119
2004,2. NOA-Resto,P,Servicio doméstico,178.206474425555,0.006513443439396,0.019049030414110834
2004,3. La Rioja,E,"Electricidad, gas y agua",30.728575184595883,0.01219218319289552,0.03599863442872588
2004,3. La Rioja,H,Hotelería y restaurantes,56.98089112375548,0.02260832007022319,0.06675331533156738
2004,3. La Rioja,I,Transporte y comunicaciones,104.72170504748055,0.04155045278022858,0.12268184756730655
2004,3. La Rioja,J,Finanzas,59.19089967118558,0.02348518562309269,0.069342348155425
2004,3. La Rioja,K,Serv. inmobiliarios y profesionales,252.41025083540512,0.10014886793360582,0.2956995009141114
2004,3. La Rioja,M,Enseñanza,188.69780406742265,0.07486966712470366,0.22106014435487814
2004,3. La Rioja,N,Salud,94.4470058034036,0.03747375821553919,0.11064500109034885
2004,3. La Rioja,O,"Serv. comunitarios, sociales y personales",45.936504978651264,0.01822623667308312,0.053814777929852814
2004,3. La Rioja,P,Servicio doméstico,20.490275554153964,0.00812993091050926,0.024004430227784018
2005,1. Resto país,E,"Electricidad, gas y agua",8603.098614768096,0.02058030185398848,0.05301706549518764
2005,1. Resto país,H,Hotelería y restaurantes,7290.457363116499,0.01744020612863972,0.044927842027373925
2005,1. Resto país,I,Transporte y comunicaciones,32039.57923213687,0.07664496728425933,0.1974456584366658
2005,1. Resto país,J,Finanzas,15841.69251687572,0.03789644039598879,0.09762529610901871
2005,1. Resto país,K,Serv. inmobiliarios y profesionales,52980.27534399608,0.12673922591276193,0.32649384293282685
2005,1. Resto país,M,Enseñanza,16273.922388438248,0.03893041915473481,0.10028893632003177
2005,1. Resto país,N,Salud,13266.608064501856,0.03173633254387215,0.08175619740628058
2005,1. Resto país,O,"Serv. comunitarios, sociales y personales",12892.13954769696,0.03084053029217753,0.07944851470144085
2005,1. Resto país,P,Servicio doméstico,3082.5927892319887,0.00737416748733069,0.018996646571173927
2005,2. NOA-Resto,E,"Electricidad, gas y agua",598.5955803512066,0.02035023188941463,0.058611990241924344
2005,2. NOA-Resto,H,Hotelería y restaurantes,415.5136477419239,0.01412606334280572,0.04068536866334205
2005,2. NOA-Resto,I,Transporte y comunicaciones,2082.721793446742,0.0708055202026573,0.20393145796786794
2005,2. NOA-Resto,J,Finanzas,656.2905981664458,0.0223116680074614,0.06426124648803694
2005,2. NOA-Resto,K,Serv. inmobiliarios y profesionales,2856.9456794337343,0.0971265224474699,0.27974024162763
2005,2. NOA-Resto,M,Enseñanza,1652.394568694025,0.0561758451774792,0.16179560543911684
2005,2. NOA-Resto,N,Salud,1143.523439344647,0.03887594216447614,0.11196906036118064
2005,2. NOA-Resto,O,"Serv. comunitarios, sociales y personales",612.9230396055252,0.02083731720675101,0.060014875477917874
2005,2. NOA-Resto,P,Servicio doméstico,193.9436290737463,0.0065934296120424,0.018990153732983368
2005,3. La Rioja,E,"Electricidad, gas y agua",33.02422719157258,0.01214720309883465,0.03613785633814211
2005,3. La Rioja,H,Hotelería y restaurantes,70.03850896179131,0.02576205608576778,0.07664196228775906
2005,3. La Rioja,I,Transporte y comunicaciones,120.38935560755768,0.04428245799726144,0.13174004685559004
2005,3. La Rioja,J,Finanzas,64.90060594260646,0.02387219652556948,0.07101964143496435
2005,3. La Rioja,K,Serv. inmobiliarios y profesionales,265.43192558590846,0.09763303438723894,0.2904576915225376
2005,3. La Rioja,M,Enseñanza,179.7772556809909,0.06612693234697108,0.19672722698331588
2005,3. La Rioja,N,Salud,105.8017234736015,0.03891673273034371,0.11577704637983324
2005,3. La Rioja,O,"Serv. comunitarios, sociales y personales",52.06886520500028,0.01915233555964598,0.05697808337960334
2005,3. La Rioja,P,Servicio doméstico,22.407769097852498,0.00824218294782279,0.024520444818254456
2006,1. Resto país,E,"Electricidad, gas y agua",9101.183340528956,0.02028331651258454,0.051793363303223275
2006,1. Resto país,H,Hotelería y restaurantes,8144.468998279984,0.01815113885063699,0.04634885662189479
2006,1. Resto país,I,Transporte y comunicaciones,36058.089667928325,0.08036071994251656,0.20520075997970952
2006,1. Resto país,J,Finanzas,17924.21517518104,0.03994673176386512,0.10200381134606876
2006,1. Resto país,K,Serv. inmobiliarios y profesionales,56475.47487779731,0.12586384531380107,0.32139279900472945
2006,1. Resto país,M,Enseñanza,16942.739586224252,0.03775937004667672,0.09641839241205906
2006,1. Resto país,N,Salud,13554.4281058597,0.03020802297146619,0.07713605945371609
2006,1. Resto país,O,"Serv. comunitarios, sociales y personales",14153.45593114556,0.03154304398197713,0.08054502998237341
2006,1. Resto país,P,Servicio doméstico,3366.9780573479984,0.00750380242577854,0.019160927896225692
2006,2. NOA-Resto,E,"Electricidad, gas y agua",637.8887741001472,0.01947452944205314,0.057722812262445855
2006,2. NOA-Resto,H,Hotelería y restaurantes,460.682740058298,0.01406448890304898,0.04168736682103674
2006,2. NOA-Resto,I,Transporte y comunicaciones,2324.7196063033684,0.07097290665028289,0.21036481412731198
2006,2. NOA-Resto,J,Finanzas,746.3822938281662,0.02278680006038442,0.06754043458976589
2006,2. NOA-Resto,K,Serv. inmobiliarios y profesionales,3065.828694116714,0.09359871750697032,0.2774280741794885
2006,2. NOA-Resto,M,Enseñanza,1724.509588253026,0.05264869694079908,0.15605156768582526
2006,2. NOA-Resto,N,Salud,1208.5045988918223,0.03689523839822341,0.10935806822833848
2006,2. NOA-Resto,O,"Serv. comunitarios, sociales y personales",669.674758271327,0.02044494483376388,0.060599138781090675
2006,2. NOA-Resto,P,Servicio doméstico,212.70458168230076,0.00649379924309692,0.019247723324696604
2006,3. La Rioja,E,"Electricidad, gas y agua",35.850421993737456,0.01257153515077582,0.03581886272954845
2006,3. La Rioja,H,Hotelería y restaurantes,91.66268962095388,0.03214301702740829,0.09158199860318769
2006,3. La Rioja,I,Transporte y comunicaciones,152.9799329827592,0.05364490842512372,0.15284526416013106
2006,3. La Rioja,J,Finanzas,72.11029392647447,0.02528665060031396,0.07204681495774239
2006,3. La Rioja,K,Serv. inmobiliarios y profesionales,292.51634244360423,0.10257562607906072,0.29225883918374324
2006,3. La Rioja,M,Enseñanza,175.06742051163488,0.06139024614834741,0.17491330798889304
2006,3. La Rioja,N,Salud,98.850717102024,0.03466361609201068,0.09876369843605572
2006,3. La Rioja,O,"Serv. comunitarios, sociales y personales",57.14895347694348,0.02004021256963028,0.05709864503367833
2006,3. La Rioja,P,Servicio doméstico,24.69430740068018,0.00865946162547109,0.024672568907020086
2007,1. Resto país,E,"Electricidad, gas y agua",9324.516702041496,0.0192353254245295,0.04908704632919916
2007,1. Resto país,H,Hotelería y restaurantes,8964.213229457666,0.01849206389492973,0.047190301026847827
2007,1. Resto país,I,Transporte y comunicaciones,40608.6710446724,0.0837706690397074,0.21377619673313683
2007,1. Resto país,J,Finanzas,20454.16350674611,0.04219441113260672,0.10767683771329825
2007,1. Resto país,K,Serv. inmobiliarios y profesionales,59529.16411555446,0.12280130762833164,0.313379334313269
2007,1. Resto país,M,Enseñanza,17931.097112095136,0.0369896370172705,0.09439466117124087
2007,1. Resto país,N,Salud,14422.40929925786,0.02975164774129769,0.07592387853156456
2007,1. Resto país,O,"Serv. comunitarios, sociales y personales",15277.939393467996,0.03151650058015929,0.08042764496927415
2007,1. Resto país,P,Servicio doméstico,3446.63141906609,0.00710997460593632,0.018144099212169307
2007,2. NOA-Resto,E,"Electricidad, gas y agua",662.3319782827602,0.01875932599837411,0.05486704138905894
2007,2. NOA-Resto,H,Hotelería y restaurantes,551.7127691389285,0.0156262418743194,0.04570343624008865
2007,2. NOA-Resto,I,Transporte y comunicaciones,2631.1396300352344,0.07452215457729343,0.21796146300504549
2007,2. NOA-Resto,J,Finanzas,819.9779200440588,0.02322435518432467,0.06792630274898939
2007,2. NOA-Resto,K,Serv. inmobiliarios y profesionales,3334.5965338834826,0.09444626788873384,0.27623525971788304
2007,2. NOA-Resto,M,Enseñanza,1801.203584611905,0.05101575394378667,0.14921023726387556
2007,2. NOA-Resto,N,Salud,1310.2418627109864,0.03711017291213901,0.10853936827484836
2007,2. NOA-Resto,O,"Serv. comunitarios, sociales y personales",741.7538957560248,0.02100880464375045,0.06144628831671322
2007,2. NOA-Resto,P,Servicio doméstico,218.62362609705673,0.00619210910446249,0.01811060304349732
2007,3. La Rioja,E,"Electricidad, gas y agua",38.2469011527698,0.01222384157934254,0.03470461215305264
2007,3. La Rioja,H,Hotelería y restaurantes,103.07718527790048,0.03294382408260405,0.09353055094867006
2007,3. La Rioja,I,Transporte y comunicaciones,188.67300167421385,0.06030054235119645,0.17119879387618456
2007,3. La Rioja,J,Finanzas,80.59077170285215,0.02575708871465746,0.07312674728577709
2007,3. La Rioja,K,Serv. inmobiliarios y profesionales,326.1706592902909,0.10424526816090796,0.2959619180952982
2007,3. La Rioja,M,Enseñanza,195.82045316460685,0.0625848925098046,0.17768427438259374
2007,3. La Rioja,N,Salud,85.89335336544438,0.02745181211057786,0.07793822310378137
2007,3. La Rioja,O,"Serv. comunitarios, sociales y personales",58.09313991704086,0.01856676796784258,0.05271276440203626
2007,3. La Rioja,P,Servicio doméstico,25.504224330541305,0.00815123809835697,0.023142115752606156
2008,1. Resto país,E,"Electricidad, gas y agua",9774.689499301046,0.01942922998542736,0.04898035390587396
2008,1. Resto país,H,Hotelería y restaurantes,8949.652225054908,0.01778929667102136,0.04484614404877282
2008,1. Resto país,I,Transporte y comunicaciones,42746.68056188644,0.08496792535557039,0.21420092601123109
2008,1. Resto país,J,Finanzas,21688.754463763515,0.04311091401973006,0.10868098362497382
2008,1. Resto país,K,Serv. inmobiliarios y profesionales,62699.710468499834,0.1246287255261971,0.3141843031190456
2008,1. Resto país,M,Enseñanza,18716.09660969489,0.03720213777483591,0.09378518220399072
2008,1. Resto país,N,Salud,15395.128560670702,0.03060102251655985,0.07714402031716701
2008,1. Resto país,O,"Serv. comunitarios, sociales y personales",16021.76870411011,0.03184660023704458,0.08028407463802135
2008,1. Resto país,P,Servicio doméstico,3570.9911939923472,0.00709808830131887,0.017894012130923613
2008,2. NOA-Resto,E,"Electricidad, gas y agua",695.4628109537351,0.01903164888571477,0.05371391304551908
2008,2. NOA-Resto,H,Hotelería y restaurantes,611.5617123681685,0.01673565803723722,0.047233830655968485
2008,2. NOA-Resto,I,Transporte y comunicaciones,2866.105558440896,0.07843225230525123,0.22136301513268766
2008,2. NOA-Resto,J,Finanzas,905.8183923426514,0.02478812285253134,0.06996067883860116
2008,2. NOA-Resto,K,Serv. inmobiliarios y profesionales,3620.5078823868553,0.0990768071567426,0.2796291081451959
2008,2. NOA-Resto,M,Enseñanza,1845.165850951841,0.05049378350377766,0.14251096753350576
2008,2. NOA-Resto,N,Salud,1369.3116869121832,0.0374718228350417,0.10575847870592602
2008,2. NOA-Resto,O,"Serv. comunitarios, sociales y personales",806.1732396407937,0.02206128896649722,0.062264607987170525
2008,2. NOA-Resto,P,Servicio doméstico,227.42864438445216,0.00622368592296579,0.017565399955425373
2008,3. La Rioja,E,"Electricidad, gas y agua",40.77571671803958,0.01322373684360227,0.036083346945627766
2008,3. La Rioja,H,Hotelería y restaurantes,105.64950974569024,0.03426258143279965,0.09349162250537886
2008,3. La Rioja,I,Transporte y comunicaciones,177.51696845703003,0.05756950128877269,0.1570887498033176
2008,3. La Rioja,J,Finanzas,90.33577674281295,0.02929627325669722,0.0799401564503121
2008,3. La Rioja,K,Serv. inmobiliarios y profesionales,341.8846599268844,0.11087463661276228,0.30254140926165524
2008,3. La Rioja,M,Enseñanza,200.93659255556992,0.0651645841219376,0.17781330082782326
2008,3. La Rioja,N,Salud,86.09483077327272,0.02792091659878898,0.07618724817270282
2008,3. La Rioja,O,"Serv. comunitarios, sociales y personales",60.1888948347227,0.01951951235352538,0.05326250399503999
2008,3. La Rioja,P,Servicio doméstico,26.659581485735274,0.00864581467361351,0.02359166203814234
2009,1. Resto país,E,"Electricidad, gas y agua",9704.834545501555,0.02045589440669884,0.048755545023034856
2009,1. Resto país,H,Hotelería y restaurantes,8689.16225893383,0.01831505574031785,0.043652969016795246
2009,1. Resto país,I,Transporte y comunicaciones,42426.45066576182,0.08942666573044489,0.21314373943252157
2009,1. Resto país,J,Finanzas,21661.542572460028,0.04565829798240561,0.10882414421475126
2009,1. Resto país,K,Serv. inmobiliarios y profesionales,60883.5391242239,0.12833060075285158,0.30586921590628646
2009,1. Resto país,M,Enseñanza,19417.566446703204,0.04092843489567099,0.09755076510488637
2009,1. Resto país,N,Salud,16549.562038639517,0.03488324215650249,0.08314236716796052
2009,1. Resto país,O,"Serv. comunitarios, sociales y personales",16067.339375132562,0.03386681103251309,0.08071975721294185
2009,1. Resto país,P,Servicio doméstico,3650.8912545087046,0.00769536519581238,0.01834149692082196
2009,2. NOA-Resto,E,"Electricidad, gas y agua",709.5941093755632,0.02077911881426986,0.05444037500153173
2009,2. NOA-Resto,H,Hotelería y restaurantes,618.37292140863,0.01810787918854668,0.04744184497515482
2009,2. NOA-Resto,I,Transporte y comunicaciones,2886.129165837017,0.08451482341508035,0.2214251105174635
2009,2. NOA-Resto,J,Finanzas,896.295339890953,0.02624631055161895,0.06876417626793394
2009,2. NOA-Resto,K,Serv. inmobiliarios y profesionales,3598.58862348619,0.10537784852371616,0.27608531631023814
2009,2. NOA-Resto,M,Enseñanza,1893.389029587044,0.05544430976469881,0.14526164666898328
2009,2. NOA-Resto,N,Salud,1397.9161036043613,0.04093532404706364,0.10724874388806803
2009,2. NOA-Resto,O,"Serv. comunitarios, sociales y personales",800.5980401297729,0.02344399647422022,0.06142223695812595
2009,2. NOA-Resto,P,Servicio doméstico,233.45210899874985,0.00683620262095422,0.017910549412500632
2009,3. La Rioja,E,"Electricidad, gas y agua",41.31981341511729,0.01390218975349659,0.036393220276621126
2009,3. La Rioja,H,Hotelería y restaurantes,101.79427405616134,0.03424902478457074,0.08965726445582749
2009,3. La Rioja,I,Transporte y comunicaciones,172.73990379806753,0.05811891976556898,0.15214399218911792
2009,3. La Rioja,J,Finanzas,90.68317997653416,0.03051065993011049,0.07987095467045488
2009,3. La Rioja,K,Serv. inmobiliarios y profesionales,331.89176895119124,0.1116660983734022,0.29232005803344363
2009,3. La Rioja,M,Enseñanza,222.5795348741817,0.07488763073489071,0.19604120571319805
2009,3. La Rioja,N,Salud,87.40847034399295,0.02940887289535745,0.07698669118645174
2009,3. La Rioja,O,"Serv. comunitarios, sociales y personales",59.45647979007552,0.02000433196085426,0.052367437968174294
2009,3. La Rioja,P,Servicio doméstico,27.497753850822136,0.0092517114728599,0.02421917550671099
2010,1. Resto país,E,"Electricidad, gas y agua",9857.15908615748,0.01890863410400138,0.04710195108233334
2010,1. Resto país,H,Hotelería y restaurantes,9499.824939655397,0.01822317284990007,0.045394447394762276
2010,1. Resto país,I,Transporte y comunicaciones,46165.442733946074,0.08855751005695693,0.22059930314021606
2010,1. Resto país,J,Finanzas,21756.967014817164,0.04173560808952865,0.10396459944234746
2010,1. Resto país,K,Serv. inmobiliarios y profesionales,64092.7947186786,0.12294690523360434,0.30626427504946135
2010,1. Resto país,M,Enseñanza,20078.594365386445,0.03851604614060812,0.09594457808117969
2010,1. Resto país,N,Salud,17221.402509152154,0.0330351976626389,0.08229162697540114
2010,1. Resto país,O,"Serv. comunitarios, sociales y personales",16935.98870314292,0.0324876986135835,0.08092779110632722
2010,1. Resto país,P,Servicio doméstico,3664.6662181496367,0.00702979753361149,0.01751142772797144
2010,2. NOA-Resto,E,"Electricidad, gas y agua",736.715245950525,0.01933491947614581,0.05323682475769684
2010,2. NOA-Resto,H,Hotelería y restaurantes,675.4406117842457,0.01772678102095919,0.04880897155507524
2010,2. NOA-Resto,I,Transporte y comunicaciones,3178.8362836217498,0.08342781544092645,0.2297103950200378
2010,2. NOA-Resto,J,Finanzas,911.0727913368758,0.02391089251136372,0.06583632251471583
2010,2. NOA-Resto,K,Serv. inmobiliarios y profesionales,3751.59535251876,0.0984597433631832,0.27109935004283026
2010,2. NOA-Resto,M,Enseñanza,2014.8416797889768,0.05287904906276151,0.14559733086972484
2010,2. NOA-Resto,N,Salud,1495.5479174103407,0.03925030561643679,0.108071908153859
2010,2. NOA-Resto,O,"Serv. comunitarios, sociales y personales",839.1334363241641,0.0220228609496685,0.060637810800665236
2010,2. NOA-Resto,P,Servicio doméstico,235.26871711784509,0.0061745725037366,0.017001086285394994
2010,3. La Rioja,E,"Electricidad, gas y agua",43.97825912741191,0.01339626838889902,0.03609413090838229
2010,3. La Rioja,H,Hotelería y restaurantes,124.04972443105576,0.0377869300654417,0.10181091934065312
2010,3. La Rioja,I,Transporte y comunicaciones,185.64751429093667,0.05655030409385173,0.1523658693314716
2010,3. La Rioja,J,Finanzas,94.2660368195032,0.02871448652692991,0.0773666520841605
2010,3. La Rioja,K,Serv. inmobiliarios y profesionales,352.54424068696994,0.10738890899525232,0.2893424666375731
2010,3. La Rioja,M,Enseñanza,237.4203074866731,0.07232087452238305,0.1948571823615216
2010,3. La Rioja,N,Salud,90.26027198553832,0.02749428586680057,0.07407901398356088
2010,3. La Rioja,O,"Serv. comunitarios, sociales y personales",62.42069267288184,0.01901403940625054,0.05123032829015679
2010,3. La Rioja,P,Servicio doméstico,27.84536853480792,0.00848200992220682,0.022853437062520056
2011,1. Resto país,E,"Electricidad, gas y agua",10335.855258989232,0.01880954740623617,0.04702621471290522
2011,1. Resto país,H,Hotelería y restaurantes,9999.100835336632,0.01819671004181541,0.045494044859962016
2011,1. Resto país,I,Transporte y comunicaciones,48591.240840758524,0.08842802315049704,0.22108108789126574
2011,1. Resto país,J,Finanzas,23861.379526892146,0.04342376495635662,0.10856482882747767
2011,1. Resto país,K,Serv. inmobiliarios y profesionales,66862.46069278942,0.1216786219026072,0.3042117322645043
2011,1. Resto país,M,Enseñanza,20715.40417996076,0.03769861005197738,0.09425122744285751
2011,1. Resto país,N,Salud,18107.024638967156,0.03295179061610095,0.08238358676156668
2011,1. Resto país,O,"Serv. comunitarios, sociales y personales",17609.026290083235,0.03204551597149302,0.08011778710643705
2011,1. Resto país,P,Servicio doméstico,3707.7321526376622,0.0067474593971321,0.016869490133023798
2011,2. NOA-Resto,E,"Electricidad, gas y agua",762.6383363929798,0.01893896265464009,0.05200282886973334
2011,2. NOA-Resto,H,Hotelería y restaurantes,690.3301783883978,0.01714329957461242,0.04707227583147078
2011,2. NOA-Resto,I,Transporte y comunicaciones,3420.358772314873,0.08493940569617855,0.2332276302172775
2011,2. NOA-Resto,J,Finanzas,1033.5994730422392,0.02566787018914781,0.07047914319477017
2011,2. NOA-Resto,K,Serv. inmobiliarios y profesionales,4000.8343811454,0.0993546341904172,0.2728091360354081
2011,2. NOA-Resto,M,Enseñanza,2049.5791714879565,0.05089818008642124,0.13975682813686466
2011,2. NOA-Resto,N,Salud,1596.0433759585576,0.03963530870403155,0.10883110196269483
2011,2. NOA-Resto,O,"Serv. comunitarios, sociales y personales",872.536178045346,0.02166810833163791,0.05949654952326232
2011,2. NOA-Resto,P,Servicio doméstico,239.4041736410237,0.00594523837523945,0.016324506228518363
2011,3. La Rioja,E,"Electricidad, gas y agua",43.758366846140696,0.01264450256534584,0.03433334537833247
2011,3. La Rioja,H,Hotelería y restaurantes,131.86361433952175,0.03810356578558897,0.10346179120149966
2011,3. La Rioja,I,Transporte y comunicaciones,191.1362630027325,0.05523110531904648,0.14996783026822164
2011,3. La Rioja,J,Finanzas,104.6970731660816,0.03025346935107285,0.08214659349035218
2011,3. La Rioja,K,Serv. inmobiliarios y profesionales,368.3531974522331,0.10644005445895403,0.2890143865242541
2011,3. La Rioja,M,Enseñanza,242.2831919680545,0.07001062112651574,0.19009833110208246
2011,3. La Rioja,N,Salud,98.03161534549056,0.02832740572973134,0.07691679443812265
2011,3. La Rioja,O,"Serv. comunitarios, sociales y personales",66.087903393892,0.01909688876051132,0.051853370591514264
2011,3. La Rioja,P,Servicio doméstico,28.303866561800294,0.00817874018489459,0.02220755700562053
2012,1. Resto país,E,"Electricidad, gas y agua",10757.18257685514,0.0198351349292128,0.0480177521210448
2012,1. Resto país,H,Hotelería y restaurantes,10131.66429721608,0.01868174375185891,0.04522557289713581
2012,1. Resto país,I,Transporte y comunicaciones,48851.93162608925,0.0900779222099474,0.21806452820674957
2012,1. Resto país,J,Finanzas,25558.247781431754,0.04712677224515045,0.11408652756880318
2012,1. Resto país,K,Serv. inmobiliarios y profesionales,66471.37734879994,0.12256636244892304,0.29671394883140784
2012,1. Resto país,M,Enseñanza,21394.54201930985,0.03944932835989725,0.09550063951102276
2012,1. Resto país,N,Salud,19053.44645646139,0.03513258965628996,0.08505049184220823
2012,1. Resto país,O,"Serv. comunitarios, sociales y personales",17933.603821718694,0.03306771536407539,0.08005175488989995
2012,1. Resto país,P,Servicio doméstico,3873.1219022500463,0.00714163722513283,0.01728878413172783
2012,2. NOA-Resto,E,"Electricidad, gas y agua",856.9173031802287,0.02189206343145478,0.056565326801927676
2012,2. NOA-Resto,H,Hotelería y restaurantes,710.1443789235142,0.0181423875223288,0.04687680914048715
2012,2. NOA-Resto,I,Transporte y comunicaciones,3466.1310990530187,0.0885508573588079,0.22880018600233865
2012,2. NOA-Resto,J,Finanzas,1164.063381261588,0.0297388666166922,0.07684011670070087
2012,2. NOA-Resto,K,Serv. inmobiliarios y profesionales,3979.766336111749,0.10167293477349988,0.26270537724236426
2012,2. NOA-Resto,M,Enseñanza,2122.632222832552,0.05422786900374524,0.14011548712953534
2012,2. NOA-Resto,N,Salud,1724.6277849065784,0.04405986519668085,0.11384311403548289
2012,2. NOA-Resto,O,"Serv. comunitarios, sociales y personales",873.3605773918738,0.02231214737739236,0.05765075147012321
2012,2. NOA-Resto,P,Servicio doméstico,251.51898484171835,0.00642567205719257,0.016602831477039955
2012,3. La Rioja,E,"Electricidad, gas y agua",47.81632024148025,0.01434415903425431,0.03656579738493129
2012,3. La Rioja,H,Hotelería y restaurantes,128.3747260201717,0.03851043904492561,0.09816991766186878
2012,3. La Rioja,I,Transporte y comunicaciones,196.76730558765112,0.05902715871562453,0.15047066340030385
2012,3. La Rioja,J,Finanzas,113.670075663722,0.03409927059468082,0.08692506940012909
2012,3. La Rioja,K,Serv. inmobiliarios y profesionales,357.5221726352404,0.10725114096302228,0.273402120012151
2012,3. La Rioja,M,Enseñanza,253.2800584013621,0.07598011347520389,0.1936867423167707
2012,3. La Rioja,N,Salud,113.99573541559492,0.03419696350054079,0.08717410588899471
2012,3. La Rioja,O,"Serv. comunitarios, sociales y personales",66.54881428262371,0.01996361850494119,0.050890793080201883
2012,3. La Rioja,P,Servicio doméstico,29.703651811288708,0.00891063769289435,0.022714790854648725
2013,1. Resto país,E,"Electricidad, gas y agua",10810.525369671745,0.01948997369280358,0.047553951646302155
2013,1. Resto país,H,Hotelería y restaurantes,10125.358327321404,0.01825470647183691,0.044540000030872266
2013,1. Resto país,I,Transporte y comunicaciones,49982.42580271484,0.09011182441977832,0.21986552720696853
2013,1. Resto país,J,Finanzas,26294.143180717263,0.04740492634194255,0.11566416715552665
2013,1. Resto país,K,Serv. inmobiliarios y profesionales,66954.14164552813,0.12070962461792104,0.2945216726712874
2013,1. Resto país,M,Enseñanza,22008.013203321636,0.03967759046817139,0.0968100957089484
2013,1. Resto país,N,Salud,19520.769968436543,0.03519341383865149,0.0858690692111854
2013,1. Resto país,O,"Serv. comunitarios, sociales y personales",17678.329624413658,0.03187173310551091,0.07776443821178365
2013,1. Resto país,P,Servicio doméstico,3958.0917171912906,0.00713592548038249,0.017411078157125583
2013,2. NOA-Resto,E,"Electricidad, gas y agua",856.888946997452,0.02168260311808562,0.055442117132441314
2013,2. NOA-Resto,H,Hotelería y restaurantes,716.2961980927181,0.01812506303490016,0.04634553620435129
2013,2. NOA-Resto,I,Transporte y comunicaciones,3562.8605888364596,0.09015414702628848,0.23052291056499905
2013,2. NOA-Resto,J,Finanzas,1183.7894955354216,0.02995445080368117,0.07659311758145904
2013,2. NOA-Resto,K,Serv. inmobiliarios y profesionales,4002.212620982476,0.10127145198806528,0.2589497060254474
2013,2. NOA-Resto,M,Enseñanza,2185.125126248088,0.05529211345508803,0.1413811715310261
2013,2. NOA-Resto,N,Salud,1822.3124861212937,0.04611155101504351,0.11790659998762655
2013,2. NOA-Resto,O,"Serv. comunitarios, sociales y personales",867.5659558751405,0.02195277272033617,0.056132937079291075
2013,2. NOA-Resto,P,Servicio doméstico,258.5082048819137,0.00654125698419116,0.01672590389335809
2013,3. La Rioja,E,"Electricidad, gas y agua",50.94845546461217,0.01460033769598984,0.03788377356007221
2013,3. La Rioja,H,Hotelería y restaurantes,130.1916464030482,0.03730911929217745,0.09680668053169633
2013,3. La Rioja,I,Transporte y comunicaciones,209.132281099974,0.05993119711574242,0.1555046155775175
2013,3. La Rioja,J,Finanzas,118.5328789346883,0.03396805741690023,0.08813756381887146
2013,3. La Rioja,K,Serv. inmobiliarios y profesionales,371.5019529555451,0.10646159767567707,0.2762379297772419
2013,3. La Rioja,M,Enseñanza,258.58062970013657,0.07410164804477719,0.19227295377746986
2013,3. La Rioja,N,Salud,110.40069577820265,0.03163761149449537,0.08209071151609025
2013,3. La Rioja,O,"Serv. comunitarios, sociales y personales",65.07799991912447,0.01864945201447335,0.04839008739707388
2013,3. La Rioja,P,Servicio doméstico,30.495670575469653,0.00873916754899033,0.022675684043966606
2014,1. Resto país,E,"Electricidad, gas y agua",11014.937509271322,0.02032110271469384,0.048455695540443204
2014,1. Resto país,H,Hotelería y restaurantes,10003.401358917015,0.0184549523172291,0.044005857519259305
2014,1. Resto país,I,Transporte y comunicaciones,50293.27049047636,0.09278443156255917,0.22124459631009702
2014,1. Resto país,J,Finanzas,25634.84283942807,0.04729289421538561,0.11276996703875175
2014,1. Resto país,K,Serv. inmobiliarios y profesionales,66624.61551749264,0.1229136029249718,0.2930876441466328
2014,1. Resto país,M,Enseñanza,22620.139582924967,0.04173116547401445,0.09950801770686118
2014,1. Resto país,N,Salud,19836.6324434824,0.03659596298738338,0.08726312077758194
2014,1. Resto país,O,"Serv. comunitarios, sociales y personales",17324.590451872875,0.03196157779072162,0.07621242331989914
2014,1. Resto país,P,Servicio doméstico,3967.3386468845993,0.00731921502772554,0.017452677640473646
2014,2. NOA-Resto,E,"Electricidad, gas y agua",883.474890508145,0.02133070676160506,0.056715399240807395
2014,2. NOA-Resto,H,Hotelería y restaurantes,711.8252045516044,0.01718637945112016,0.04569620608299726
2014,2. NOA-Resto,I,Transporte y comunicaciones,3654.026067675274,0.0882231735007341,0.23457321706712395
2014,2. NOA-Resto,J,Finanzas,1086.0400269676622,0.02622145982359335,0.06971923524112916
2014,2. NOA-Resto,K,Serv. inmobiliarios y profesionales,3981.253032472381,0.0961237743050903,0.25557982195223977
2014,2. NOA-Resto,M,Enseñanza,2253.4564702702405,0.05440768004139779,0.14466249664395983
2014,2. NOA-Resto,N,Salud,1877.4599280559084,0.04532958164661672,0.12052508851390689
2014,2. NOA-Resto,O,"Serv. comunitarios, sociales y personales",869.2105365729425,0.02098630676313929,0.05579968727543181
2014,2. NOA-Resto,P,Servicio doméstico,260.5909036596836,0.00629173303104208,0.016728847982403948
2014,3. La Rioja,E,"Electricidad, gas y agua",50.36433005148523,0.0149618088229378,0.03778194087744234
2014,3. La Rioja,H,Hotelería y restaurantes,126.82431867443783,0.03767589498691887,0.09514013003014644
2014,3. La Rioja,I,Transporte y comunicaciones,220.697441253709,0.06556292757938047,0.16556117531448314
2014,3. La Rioja,J,Finanzas,117.66326773712431,0.03495440752543246,0.08826776054692306
2014,3. La Rioja,K,Serv. inmobiliarios y profesionales,358.3536520583827,0.10645666938522062,0.26882709412484457
2014,3. La Rioja,M,Enseñanza,261.3195425140831,0.07763059754386586,0.19603476300180053
2014,3. La Rioja,N,Salud,108.35534317247384,0.03218928809006493,0.08128521049148066
2014,3. La Rioja,O,"Serv. comunitarios, sociales y personales",58.740922557195915,0.01745025601423328,0.04406583113234418
2014,3. La Rioja,P,Servicio doméstico,30.70772539924121,0.00912239111174615,0.023036094480535077
2015,1. Resto país,E,"Electricidad, gas y agua",11482.970772663946,0.02061524836565943,0.04941846208084351
2015,1. Resto país,H,Hotelería y restaurantes,10136.512474203328,0.01819796691591057,0.04362380321744936
2015,1. Resto país,I,Transporte y comunicaciones,51740.73614121077,0.09288956205587018,0.22267300489141323
2015,1. Resto país,J,Finanzas,25968.8691683145,0.04662161894155214,0.11176041476408048
2015,1. Resto país,K,Serv. inmobiliarios y profesionales,67701.25957835004,0.12154331039474384,0.2913611987294003
2015,1. Resto país,M,Enseñanza,23458.86007779977,0.04211542783252262,0.10095826334195347
2015,1. Resto país,N,Salud,20470.0599984062,0.03674966864251582,0.08809557246562132
2015,1. Resto país,O,"Serv. comunitarios, sociales y personales",17421.209051775324,0.03127610080549779,0.07497444485159817
2015,1. Resto país,P,Servicio doméstico,3981.484019660621,0.00714791351072698,0.01713483565764023
2015,2. NOA-Resto,E,"Electricidad, gas y agua",942.1885477628186,0.02233618138502594,0.05864679870426
2015,2. NOA-Resto,H,Hotelería y restaurantes,715.880490578893,0.01697116413221014,0.04456018822026277
2015,2. NOA-Resto,I,Transporte y comunicaciones,3843.18220185981,0.09110916807498012,0.23921998787975665
2015,2. NOA-Resto,J,Finanzas,1090.0076909840486,0.02584048548955818,0.0678478440340043
2015,2. NOA-Resto,K,Serv. inmobiliarios y profesionales,4172.117246210526,0.09890713253968796,0.25969464486706434
2015,2. NOA-Resto,M,Enseñanza,2299.134061776258,0.05450488180339618,0.14311026475036603
2015,2. NOA-Resto,N,Salud,1885.9658168689823,0.04471002611055785,0.1173924878281091
2015,2. NOA-Resto,O,"Serv. comunitarios, sociales y personales",853.9886428240544,0.02024525268552935,0.05315677010758393
2015,2. NOA-Resto,P,Servicio doméstico,263.00807338295687,0.00623505353228595,0.01637101360859293
2015,3. La Rioja,E,"Electricidad, gas y agua",52.24751721327193,0.01518450229550458,0.03834380787239439
2015,3. La Rioja,H,Hotelería y restaurantes,139.57038395601083,0.04056282343357276,0.1024289817493216
2015,3. La Rioja,I,Transporte y comunicaciones,227.0300219174276,0.06598089388404359,0.16661453033515697
2015,3. La Rioja,J,Finanzas,120.64344736802342,0.03506215799727983,0.08853873664580056
2015,3. La Rioja,K,Serv. inmobiliarios y profesionales,374.8960620470108,0.10895465312718106,0.27513159173803386
2015,3. La Rioja,M,Enseñanza,262.21761714703956,0.07620733427845154,0.19243827207332118
2015,3. La Rioja,N,Salud,104.13056352870154,0.03026307976471856,0.07642013505235896
2015,3. La Rioja,O,"Serv. comunitarios, sociales y personales",50.912133087176954,0.01479640455594503,0.03736378594794926
2015,3. La Rioja,P,Servicio doméstico,30.95863302735089,0.00899739278233264,0.0227201585856632
2016,1. Resto país,E,"Electricidad, gas y agua",11592.00981988375,0.02131610198738531,0.049439654928775445
2016,1. Resto país,H,Hotelería y restaurantes,10293.337844477295,0.01892802393137477,0.043900848860854935
2016,1. Resto país,I,Transporte y comunicaciones,53439.39195270889,0.0982676470005979,0.22791777601962057
2016,1. Resto país,J,Finanzas,25166.624271123754,0.04627793954429728,0.10733507295277472
2016,1. Resto país,K,Serv. inmobiliarios y profesionales,67668.65431576406,0.12443329147890712,0.2886052523115889
2016,1. Resto país,M,Enseñanza,23987.430243598505,0.04410956490140071,0.10230583758110334
2016,1. Resto país,N,Salud,20988.680512374147,0.03859527910466355,0.08951623903580319
2016,1. Resto país,O,"Serv. comunitarios, sociales y personales",17381.120833806544,0.03196147606025781,0.0741300800854017
2016,1. Resto país,P,Servicio doméstico,3950.6047368745367,0.00726461543697257,0.016849238224077138
2016,2. NOA-Resto,E,"Electricidad, gas y agua",957.2683871129148,0.02274388056703723,0.058622761815069126
2016,2. NOA-Resto,H,Hotelería y restaurantes,747.8640024966455,0.01776861095817614,0.04579891478569608
2016,2. NOA-Resto,I,Transporte y comunicaciones,4043.323282177849,0.09606591323998952,0.24761162167624842
2016,2. NOA-Resto,J,Finanzas,1034.7289066437256,0.02458427645661925,0.06336641536892937
2016,2. NOA-Resto,K,Serv. inmobiliarios y profesionales,4122.527233086703,0.09794773157240248,0.25246204232258956
2016,2. NOA-Resto,M,Enseñanza,2404.444383120392,0.05712754815261978,0.14724728432155065
2016,2. NOA-Resto,N,Salud,1919.5881821701976,0.04560777827924375,0.1175548699835121
2016,2. NOA-Resto,O,"Serv. comunitarios, sociales y personales",837.1021912297471,0.01988883422459535,0.05126382844349112
2016,2. NOA-Resto,P,Servicio doméstico,262.44870011561125,0.00623555731157718,0.016072261282913534
2016,3. La Rioja,E,"Electricidad, gas y agua",51.66262014207223,0.01523641973446328,0.03708321226999128
2016,3. La Rioja,H,Hotelería y restaurantes,160.68474184163398,0.04738939227027769,0.11533883441984973
2016,3. La Rioja,I,Transporte y comunicaciones,226.05562842596729,0.06666867511876362,0.16226178290403248
2016,3. La Rioja,J,Finanzas,118.22045718994508,0.03486575984711373,0.08485814882354328
2016,3. La Rioja,K,Serv. inmobiliarios y profesionales,372.7141218323492,0.10992142453446566,0.26753263496747626
2016,3. La Rioja,M,Enseñanza,272.0732029139197,0.08024024926913054,0.19529300505641375
2016,3. La Rioja,N,Salud,112.51632212716748,0.03318348752334184,0.08076374457598517
2016,3. La Rioja,O,"Serv. comunitarios, sociales y personales",48.36780823241716,0.01426470871664111,0.03471821008660544
2016,3. La Rioja,P,Servicio doméstico,30.858952627578297,0.00910096997610083,0.022150426896102648
2017,1. Resto país,E,"Electricidad, gas y agua",11470.463398002184,0.02057889357592405,0.047795413130636295
2017,1. Resto país,H,Hotelería y restaurantes,10590.21862584976,0.01899966675148353,0.04412758724764402
2017,1. Resto país,I,Transporte y comunicaciones,54605.218578159314,0.09796596203826688,0.22753038743721413
2017,1. Resto país,J,Finanzas,26455.0862056802,0.04746245942107366,0.1102337133848759
2017,1. Resto país,K,Serv. inmobiliarios y profesionales,69701.36171654108,0.1250496039341804,0.2904333733884047
2017,1. Resto país,M,Enseñanza,24255.968880624867,0.04351707379688287,0.10107037643616414
2017,1. Resto país,N,Salud,21396.605320274102,0.03838715564435362,0.08915590899786911
2017,1. Resto país,O,"Serv. comunitarios, sociales y personales",17675.601552317166,0.03171138868713242,0.0736511376404075
2017,1. Resto país,P,Servicio doméstico,3840.3586688010905,0.00688989882940559,0.016002102336784216
2017,2. NOA-Resto,E,"Electricidad, gas y agua",949.0126897972458,0.02176353568193996,0.05675679988275978
2017,2. NOA-Resto,H,Hotelería y restaurantes,764.1070930613945,0.01752312920938703,0.04569830713132866
2017,2. NOA-Resto,I,Transporte y comunicaciones,4160.549102288831,0.09541311704005943,0.24882644388185537
2017,2. NOA-Resto,J,Finanzas,1058.7014594473033,0.02427900831771382,0.06331686342600336
2017,2. NOA-Resto,K,Serv. inmobiliarios y profesionales,4253.487546217809,0.09754445749779812,0.25438473485119856
2017,2. NOA-Resto,M,Enseñanza,2446.116317148375,0.05609634130583436,0.14629281124997934
2017,2. NOA-Resto,N,Salud,1969.490481415278,0.04516596756644012,0.11778765271154497
2017,2. NOA-Resto,O,"Serv. comunitarios, sociales y personales",862.6546724676979,0.0197831029524527,0.05159205892561596
2017,2. NOA-Resto,P,Servicio doméstico,256.56770574237834,0.00588382060512878,0.015344327939713947
2017,3. La Rioja,E,"Electricidad, gas y agua",54.33593869897832,0.01552264793291496,0.037394993478946606
2017,3. La Rioja,H,Hotelería y restaurantes,167.25250497308863,0.04778056315504826,0.1151062534771988
2017,3. La Rioja,I,Transporte y comunicaciones,242.1072964727451,0.06916502070492347,0.16662269925915407
2017,3. La Rioja,J,Finanzas,125.51854745255302,0.03585803922429515,0.086384175480589
2017,3. La Rioja,K,Serv. inmobiliarios y profesionales,382.27615725167016,0.10920834983710127,0.26308949012142063
2017,3. La Rioja,M,Enseñanza,280.9777702168816,0.08026950685834279,0.19337407499664327
2017,3. La Rioja,N,Salud,118.32603264157692,0.03380328728963946,0.08143415435472345
2017,3. La Rioja,O,"Serv. comunitarios, sociales y personales",52.09844497398033,0.01488344249767504,0.035855109099309355
2017,3. La Rioja,P,Servicio doméstico,30.13440116116744,0.00860877185697394,0.020739049732014774
2018,1. Resto país,E,"Electricidad, gas y agua",11494.589705264114,0.02117460512292894,0.04776713067185678
2018,1. Resto país,H,Hotelería y restaurantes,10525.88315572329,0.01939011527227093,0.043741555725635865
2018,1. Resto país,I,Transporte y comunicaciones,52790.87576309101,0.09724800771837276,0.21937874474131866
2018,1. Resto país,J,Finanzas,27438.077736439307,0.05054468896225652,0.11402218593507822
2018,1. Resto país,K,Serv. inmobiliarios y profesionales,70577.64153559566,0.1300136610652105,0.29329375925426315
2018,1. Resto país,M,Enseñanza,24717.123018702183,0.04553231851817981,0.1027149359255514
2018,1. Resto país,N,Salud,21725.707089054195,0.04002172155970576,0.09028375227574004
2018,1. Resto país,O,"Serv. comunitarios, sociales y personales",17497.621841489916,0.0322330107106135,0.07271344261782674
2018,1. Resto país,P,Servicio doméstico,3870.5411725369495,0.00713006579982361,0.01608449285272911
2018,2. NOA-Resto,E,"Electricidad, gas y agua",941.870090828192,0.0224084043976329,0.0557692006499254
2018,2. NOA-Resto,H,Hotelería y restaurantes,787.0705854539592,0.01872550805050587,0.04660334565591693
2018,2. NOA-Resto,I,Transporte y comunicaciones,4101.414282920751,0.0975783717403131,0.24284941025311818
2018,2. NOA-Resto,J,Finanzas,1095.8281013071362,0.02607128040639715,0.06488522977291596
2018,2. NOA-Resto,K,Serv. inmobiliarios y profesionales,4345.166539605242,0.1033775782272914,0.25728225894879797
2018,2. NOA-Resto,M,Enseñanza,2469.567180245085,0.058754450959785653,0.14622588500761877
2018,2. NOA-Resto,N,Salud,2006.1797172957488,0.04772981628492157,0.11878818563534363
2018,2. NOA-Resto,O,"Serv. comunitarios, sociales y personales",881.5754812760698,0.02097391145959588,0.05219908815674232
2018,2. NOA-Resto,P,Servicio doméstico,260.04221908011783,0.00618676743464834,0.01539739591962088
2018,3. La Rioja,E,"Electricidad, gas y agua",52.75295295122119,0.01562727235115243,0.035481505208947696
2018,3. La Rioja,H,Hotelería y restaurantes,160.08039361638143,0.04742141944994126,0.10766967538674155
2018,3. La Rioja,I,Transporte y comunicaciones,246.5278487543991,0.07303018350823008,0.16581401912833377
2018,3. La Rioja,J,Finanzas,134.12928371306788,0.03973379175166315,0.09021502328292831
2018,3. La Rioja,K,Serv. inmobiliarios y profesionales,391.1193238104799,0.11586324277688537,0.2630658863387929
2018,3. La Rioja,M,Enseñanza,289.7949254544426,0.08584740706830246,0.19491534751706038
2018,3. La Rioja,N,Salud,124.78194431917608,0.03696478243000352,0.08392802600903454
2018,3. La Rioja,O,"Serv. comunitarios, sociales y personales",57.07757811177806,0.01690837779492085,0.038390237357135294
2018,3. La Rioja,P,Servicio doméstico,30.5090031252062,0.00903783531209358,0.020520279771025524
2019,1. Resto país,E,"Electricidad, gas y agua",11171.304571387347,0.02096054962862819,0.047391794120938115
2019,1. Resto país,H,Hotelería y restaurantes,10509.980150296273,0.01971971663008952,0.04458627121972117
2019,1. Resto país,I,Transporte y comunicaciones,52395.28439840069,0.09830847882812475,0.22227543034471517
2019,1. Resto país,J,Finanzas,24258.168083008644,0.04551523349437798,0.10290992427917359
2019,1. Resto país,K,Serv. inmobiliarios y profesionales,69950.51466600472,0.13124709158500644,0.29674962029016305
2019,1. Resto país,M,Enseñanza,24730.903275557543,0.04640221937873022,0.10491539900021749
2019,1. Resto país,N,Salud,21686.04996717882,0.04068920721669237,0.09199828084297605
2019,1. Resto país,O,"Serv. comunitarios, sociales y personales",16963.982241527196,0.03182926303731955,0.07196595068411651
2019,1. Resto país,P,Servicio doméstico,4056.1518954870457,0.00761049638950557,0.01720732921797892
2019,2. NOA-Resto,E,"Electricidad, gas y agua",884.314124931553,0.02080112529269873,0.052566870684497544
2019,2. NOA-Resto,H,Hotelería y restaurantes,804.506947059442,0.01892387482324256,0.04782283971108901
2019,2. NOA-Resto,I,Transporte y comunicaciones,4114.014177379414,0.09677118339168424,0.24455207166710366
2019,2. NOA-Resto,J,Finanzas,945.9016307702872,0.02224980669368334,0.05622785761655188
2019,2. NOA-Resto,K,Serv. inmobiliarios y profesionales,4294.859130746087,0.10102507737287968,0.2553021581008194
2019,2. NOA-Resto,M,Enseñanza,2602.0965200690525,0.06120736309831214,0.1546781482085206
2019,2. NOA-Resto,N,Salud,2061.9022815997105,0.04850073802018789,0.12256702403041653
2019,2. NOA-Resto,O,"Serv. comunitarios, sociales y personales",841.0118716665246,0.01978255556704638,0.04999282614132541
2019,2. NOA-Resto,P,Servicio doméstico,274.044415538853,0.00644616213026032,0.016290203839675874
2019,3. La Rioja,E,"Electricidad, gas y agua",51.31982183290919,0.01559086442816129,0.03533188657352905
2019,3. La Rioja,H,Hotelería y restaurantes,166.13673868959296,0.05047202575799492,0.11437928265200258
2019,3. La Rioja,I,Transporte y comunicaciones,227.91224993671625,0.06923930877721686,0.15690954247074362
2019,3. La Rioja,J,Finanzas,127.07969325919622,0.03860656951669188,0.08748988495422959
2019,3. La Rioja,K,Serv. inmobiliarios y profesionales,368.7798010280959,0.11203460332331808,0.25389188105438665
2019,3. La Rioja,M,Enseñanza,298.19534062275864,0.09059117827602288,0.20529697055343263
2019,3. La Rioja,N,Salud,126.39109048314928,0.03839737330082897,0.08701580623944523
2019,3. La Rioja,O,"Serv. comunitarios, sociales y personales",54.576008576925894,0.01658008777823508,0.03757365625613641
2019,3. La Rioja,P,Servicio doméstico,32.11651770362215,0.00975693709639346,0.02211108924609433
2020,1. Resto país,E,"Electricidad, gas y agua",11313.124599784976,0.02357576034922832,0.054651880848071335
2020,1. Resto país,H,Hotelería y restaurantes,5364.155728133992,0.01117852533196983,0.025913371422608588
2020,1. Resto país,I,Transporte y comunicaciones,43482.7097399225,0.09061492562213572,0.21005795973489788
2020,1. Resto país,J,Finanzas,24048.48658397008,0.05011536392661028,0.11617436118298874
2020,1. Resto país,K,Serv. inmobiliarios y profesionales,65888.46825881505,0.13730695916467547,0.3182965665039286
2020,1. Resto país,M,Enseñanza,23569.188580985043,0.04911654041374507,0.11385894981110703
2020,1. Resto país,N,Salud,19614.141931224192,0.04087449983845145,0.09475275714569592
2020,1. Resto país,O,"Serv. comunitarios, sociales y personales",10426.048826508348,0.02172715648582054,0.05036656081674714
2020,1. Resto país,P,Servicio doméstico,3297.0656474230777,0.00687085419007912,0.015927592533954767
2020,2. NOA-Resto,E,"Electricidad, gas y agua",915.258712776696,0.02366326453428728,0.06164402338296441
2020,2. NOA-Resto,H,Hotelería y restaurantes,397.5700527462328,0.01027884815267523,0.026776929064683555
2020,2. NOA-Resto,I,Transporte y comunicaciones,3461.261839035037,0.08948809049961244,0.23312108670643716
2020,2. NOA-Resto,J,Finanzas,927.7295685164028,0.02398568829733712,0.06248395389888578
2020,2. NOA-Resto,K,Serv. inmobiliarios y profesionales,4108.129545721379,0.10621232535072744,0.27668858022494597
2020,2. NOA-Resto,M,Enseñanza,2475.587499162771,0.06400428758852554,0.1667344670470203
2020,2. NOA-Resto,N,Salud,1846.0890752552284,0.04772912132034557,0.12433682032572287
2020,2. NOA-Resto,O,"Serv. comunitarios, sociales y personales",491.85174845336826,0.01271642419004582,0.03312694024034791
2020,2. NOA-Resto,P,Servicio doméstico,224.0069625260357,0.00579151658190117,0.015087199108992047
2020,3. La Rioja,E,"Electricidad, gas y agua",53.40154966512208,0.01836080114154529,0.04214239835465203
2020,3. La Rioja,H,Hotelería y restaurantes,88.47698753661973,0.03042062232182494,0.06982255154335111
2020,3. La Rioja,I,Transporte y comunicaciones,167.30067428972444,0.05752219609249138,0.1320270985604803
2020,3. La Rioja,J,Finanzas,129.86539248440874,0.04465100098269795,0.10248464954446139
2020,3. La Rioja,K,Serv. inmobiliarios y profesionales,372.5426118293765,0.1280895564912525,0.29399594675152374
2020,3. La Rioja,M,Enseñanza,271.419138076164,0.09332075288970322,0.2141932867044235
2020,3. La Rioja,N,Salud,121.84193486431924,0.04189233366397974,0.09615285300807136
2020,3. La Rioja,O,"Serv. comunitarios, sociales y personales",36.09733421252781,0.01241117494477877,0.02848659350645978
2020,3. La Rioja,P,Servicio doméstico,26.223587861633227,0.00901633164139728,0.0206946220265767
2021,1. Resto país,E,"Electricidad, gas y agua",11649.178479596032,0.021961755882821,0.05194647299828088
2021,1. Resto país,H,Hotelería y restaurantes,6814.944662638949,0.01284795758756378,0.030389468194913342
2021,1. Resto país,I,Transporte y comunicaciones,46466.487453122296,0.08760151249850412,0.20720518103799188
2021,1. Resto país,J,Finanzas,24126.806078846217,0.04548535557798039,0.10758719876296426
2021,1. Resto país,K,Serv. inmobiliarios y profesionales,71736.30389777797,0.13524174231670746,0.31988933639821954
2021,1. Resto país,M,Enseñanza,24445.97415774467,0.04608707109351088,0.10901044556285246
2021,1. Resto país,N,Salud,21707.61534900396,0.04092454673331913,0.09679944869581959
2021,1. Resto país,O,"Serv. comunitarios, sociales y personales",13871.122075915842,0.02615070216201521,0.06185465092104996
2021,1. Resto país,P,Servicio doméstico,3435.06971412485,0.00647600709648478,0.015317797427908139
2021,2. NOA-Resto,E,"Electricidad, gas y agua",979.7895209181994,0.02314320646870591,0.060443782409197226
2021,2. NOA-Resto,H,Hotelería y restaurantes,567.4853638792459,0.01340433905837065,0.03500850042014786
2021,2. NOA-Resto,I,Transporte y comunicaciones,3740.768393033146,0.0883591561486022,0.23077016641268505
2021,2. NOA-Resto,J,Finanzas,987.5108474369245,0.02332558875594214,0.06092011550936226
2021,2. NOA-Resto,K,Serv. inmobiliarios y profesionales,4493.6930519369525,0.10614368074737626,0.27721852423003734
2021,2. NOA-Resto,M,Enseñanza,2484.185722848796,0.05867793221203579,0.15325085448473882
2021,2. NOA-Resto,N,Salud,2074.3002791607437,0.04899619623786456,0.12796478432166927
2021,2. NOA-Resto,O,"Serv. comunitarios, sociales y personales",647.5103498049377,0.01529457643322842,0.03994528810089242
2021,2. NOA-Resto,P,Servicio doméstico,234.68711835750145,0.00554344817915922,0.014477984111269793
2021,3. La Rioja,E,"Electricidad, gas y agua",54.70642166499108,0.01701740424741601,0.038344206304146
2021,3. La Rioja,H,Hotelería y restaurantes,115.16095084421244,0.03582285944479689,0.08071731111190414
2021,3. La Rioja,I,Transporte y comunicaciones,207.96873656855388,0.06469236980411497,0.1457670945584871
2021,3. La Rioja,J,Finanzas,132.12071552924215,0.0410984955182653,0.09260455754770436
2021,3. La Rioja,K,Serv. inmobiliarios y profesionales,386.2863484039925,0.1201612305462786,0.27075145814475055
2021,3. La Rioja,M,Enseñanza,318.1131828020606,0.09895475637806356,0.22296829399895843
2021,3. La Rioja,N,Salud,138.34632328105147,0.04303508139930061,0.09696814011696664
2021,3. La Rioja,O,"Serv. comunitarios, sociales y personales",46.57298300996243,0.01448735367379648,0.03264340847714952
2021,3. La Rioja,P,Servicio doméstico,27.44370277364385,0.00853685124947397,0.01923552973993323
2022,1. Resto país,E,"Electricidad, gas y agua",11970.668217590122,0.02150253061717156,0.05046391690884244
2022,1. Resto país,H,Hotelería y restaurantes,9212.439488444255,0.01654801207070724,0.038836243092048583
2022,1. Resto país,I,Transporte y comunicaciones,50101.31215391225,0.08999539365454451,0.21120863159867886
2022,1. Resto país,J,Finanzas,24213.42957474973,0.04349381348759812,0.10207487802082503
2022,1. Resto país,K,Serv. inmobiliarios y profesionales,75223.47964964,0.135121544169085,0.3171144131332077
2022,1. Resto país,M,Enseñanza,25620.039089643753,0.04602046142492626,0.10800462433009907
2022,1. Resto país,N,Salud,22028.82899325575,0.03956968493971646,0.09286540865623888
2022,1. Resto país,O,"Serv. comunitarios, sociales y personales",15091.711920247702,0.02710876216198297,0.0636210846806751
2022,1. Resto país,P,Servicio doméstico,3750.518144707478,0.00673693646594652,0.0158107995793844
2022,2. NOA-Resto,E,"Electricidad, gas y agua",996.4719184211914,0.02248671192031575,0.05887214976940369
2022,2. NOA-Resto,H,Hotelería y restaurantes,674.2375832236172,0.01521506629491483,0.03983435483319229
2022,2. NOA-Resto,I,Transporte y comunicaciones,4073.833717637976,0.09193146693479964,0.2406845033229078
2022,2. NOA-Resto,J,Finanzas,923.8606290571516,0.0208481417650435,0.05458223188675807
2022,2. NOA-Resto,K,Serv. inmobiliarios y profesionales,4774.2927967001715,0.10773825609931233,0.2820680396248889
2022,2. NOA-Resto,M,Enseñanza,2461.1400173690836,0.05553889230900231,0.1454056065479428
2022,2. NOA-Resto,N,Salud,2058.313936859496,0.04644858694368819,0.12160640367591737
2022,2. NOA-Resto,O,"Serv. comunitarios, sociales y personales",706.2157374322701,0.01593669580412642,0.04172364308017443
2022,2. NOA-Resto,P,Servicio doméstico,257.66613067575565,0.00581457835892481,0.015223067258814617
2022,3. La Rioja,E,"Electricidad, gas y agua",56.46194370971914,0.01622201193367502,0.03662051809606392
2022,3. La Rioja,H,Hotelería y restaurantes,157.03134665199008,0.04511648398868616,0.10184858851624352
2022,3. La Rioja,I,Transporte y comunicaciones,234.4112667204211,0.06734841410484389,0.15203624726399184
2022,3. La Rioja,J,Finanzas,132.26647485939912,0.03800131898797809,0.08578639908313039
2022,3. La Rioja,K,Serv. inmobiliarios y profesionales,410.54253424644423,0.11795247298014308,0.2662728081390494
2022,3. La Rioja,M,Enseñanza,335.62831543870095,0.09642896047499418,0.2176843727212794
2022,3. La Rioja,N,Salud,136.12812370234968,0.03911080459010453,0.08829101674314148
2022,3. La Rioja,O,"Serv. comunitarios, sociales y personales",49.24399975156884,0.01414823329035219,0.03193904895120488
2022,3. La Rioja,P,Servicio doméstico,30.09770718428151,0.00864733540931263,0.01952100048589519
2023,1. Resto país,E,"Electricidad, gas y agua",11863.68102566999,0.02163156901051322,0.04962639079308041
2023,1. Resto país,H,Hotelería y restaurantes,9715.847488492223,0.01771533008921841,0.04064189211650305
2023,1. Resto país,I,Transporte y comunicaciones,49686.86962672302,0.09059624470020965,0.2078427432468281
2023,1. Resto país,J,Finanzas,23598.399090610652,0.04302799420868183,0.09871332285719311
2023,1. Resto país,K,Serv. inmobiliarios y profesionales,76463.76437299776,0.13941972919359685,0.3198518776822987
2023,1. Resto país,M,Enseñanza,26155.48078370262,0.0476904332096929,0.10940972771809902
2023,1. Resto país,N,Salud,22352.566785845484,0.04075641362439749,0.09350194194724247
2023,1. Resto país,O,"Serv. comunitarios, sociales y personales",15429.288138103526,0.02813289656223126,0.06454150959923702
2023,1. Resto país,P,Servicio doméstico,3794.02294552911,0.00691780814033212,0.01587059403951806
2023,2. NOA-Resto,E,"Electricidad, gas y agua",1013.1400517191744,0.02338419204424944,0.059226334576602264
2023,2. NOA-Resto,H,Hotelería y restaurantes,739.9517671476142,0.0170787584570368,0.0432562416787962
2023,2. NOA-Resto,I,Transporte y comunicaciones,4075.9639488213215,0.09407694778519554,0.23827347872135435
2023,2. NOA-Resto,J,Finanzas,810.6377254499838,0.01871025453792867,0.04738841492491353
2023,2. NOA-Resto,K,Serv. inmobiliarios y profesionales,4772.107942690685,0.11014458306964506,0.27896879722587575
2023,2. NOA-Resto,M,Enseñanza,2626.403299235662,0.06061977219315443,0.15353478551131236
2023,2. NOA-Resto,N,Salud,2101.56493668605,0.04850602637763375,0.12285368430891369
2023,2. NOA-Resto,O,"Serv. comunitarios, sociales y personales",704.9460945929299,0.01627079575901907,0.041209873389155834
2023,2. NOA-Resto,P,Servicio doméstico,261.5269036093754,0.00603627832930119,0.015288389663075967
2023,3. La Rioja,E,"Electricidad, gas y agua",56.53099959666816,0.01632444055315933,0.036435143229133035
2023,3. La Rioja,H,Hotelería y restaurantes,174.87009880122312,0.05049718831743274,0.1127066059643978
2023,3. La Rioja,I,Transporte y comunicaciones,232.60830661655257,0.06717023404193921,0.1499198144085125
2023,3. La Rioja,J,Finanzas,133.16176120450808,0.03845308362219567,0.0858249080459532
2023,3. La Rioja,K,Serv. inmobiliarios y profesionales,426.56653329736054,0.12317949557697964,0.2749290274067628
2023,3. La Rioja,M,Enseñanza,317.240473152601,0.0916094405190918,0.20446661406769465
2023,3. La Rioja,N,Salud,128.4808435046734,0.03710137635944835,0.08280798090767362
2023,3. La Rioja,O,"Serv. comunitarios, sociales y personales",51.52784193177958,0.0148796801480493,0.03321052722342394
2023,3. La Rioja,P,Servicio doméstico,30.5645998141611,0.00882613072928547,0.019699378746448483
2024,1. Resto país,E,"Electricidad, gas y agua",11835.757117750994,0.02182827649946279,0.0496822363250663
2024,1. Resto país,H,Hotelería y restaurantes,10216.887660601496,0.01884265168681801,0.04288680666650162
2024,1. Resto país,I,Transporte y comunicaciones,50041.613318514086,0.09229001247055722,0.21005663044988376
2024,1. Resto país,J,Finanzas,22532.58821379832,0.0415560712243465,0.09458367230047138
2024,1. Resto país,K,Serv. inmobiliarios y profesionales,76247.79915403308,0.14062117242280803,0.32006073960029696
2024,1. Resto país,M,Enseñanza,26287.083171289076,0.04848035610385235,0.11034368696650144
2024,1. Resto país,N,Salud,22342.048035204716,0.0412046645791087,0.09378385340522638
2024,1. Resto país,O,"Serv. comunitarios, sociales y personales",14928.126539872772,0.02753142621037749,0.06266288698440126
2024,1. Resto país,P,Servicio doméstico,3797.2505716018663,0.00700313757624816,0.015939487301650967
2024,2. NOA-Resto,E,"Electricidad, gas y agua",1042.051281746334,0.02515759549181587,0.060253794089707796
2024,2. NOA-Resto,H,Hotelería y restaurantes,804.852668208111,0.0194310570045605,0.04653842645967653
2024,2. NOA-Resto,I,Transporte y comunicaciones,4171.661785243956,0.10071383391607557,0.24121504826398762
2024,2. NOA-Resto,J,Finanzas,737.6238664502016,0.01780799388890409,0.042651103015066104
2024,2. NOA-Resto,K,Serv. inmobiliarios y profesionales,4748.7756328079695,0.11464673432517006,0.27458509400604153
2024,2. NOA-Resto,M,Enseñanza,2790.8652296943737,0.06737812212385572,0.16137422584454436
2024,2. NOA-Resto,N,Salud,2063.0735597943744,0.04980750083641466,0.11929164297504403
2024,2. NOA-Resto,O,"Serv. comunitarios, sociales y personales",672.865938724255,0.01624458354705663,0.03890665117164406
2024,2. NOA-Resto,P,Servicio doméstico,262.597927174746,0.00633973830710162,0.015184014174287918
2024,3. La Rioja,E,"Electricidad, gas y agua",58.82689015527259,0.0182786175775939,0.0397801436423973
2024,3. La Rioja,H,Hotelería y restaurantes,169.04353440395667,0.05252499513707203,0.11431126246277035
2024,3. La Rioja,I,Transporte y comunicaciones,202.20681496887843,0.06282944810857297,0.13673706231456598
2024,3. La Rioja,J,Finanzas,128.30671835037853,0.03986730271092557,0.08676405760682898
2024,3. La Rioja,K,Serv. inmobiliarios y profesionales,421.2860342862315,0.13090146854905524,0.28488364613882494
2024,3. La Rioja,M,Enseñanza,292.8955975843537,0.09100815297688128,0.1980629761895901
2024,3. La Rioja,N,Salud,128.68936061030442,0.03998619683434006,0.08702280941273485
2024,3. La Rioja,O,"Serv. comunitarios, sociales y personales",46.82656047726094,0.01454989018081232,0.03166523501664122
2024,3. La Rioja,P,Servicio doméstico,30.718834483771968,0.00954491774894454,0.02077280721564626
