anio,geocodigo,provincia,vab_millones_2004,la_rioja_region
2004,AR-B,Buenos Aires,131865.7866368215,1. Resto país
2004,AR-C,CABA,85706.9389997919,1. Resto país
2004,AR-K,Catamarca,3857.959216246119,2. NOA-Resto
2004,AR-H,Chaco,5596.916710129125,1. Resto país
2004,AR-U,Chubut,9546.840944226207,1. Resto país
2004,AR-W,Corrientes,4777.10315769382,1. Resto país
2004,AR-X,Córdoba,32365.857410813114,1. Resto país
2004,AR-E,Entre Ríos,10433.913892555713,1. Resto país
2004,AR-P,Formosa,2263.4084682685498,1. Resto país
2004,AR-Y,Jujuy,3654.7864904487597,2. NOA-Resto
2004,AR-L,La Pampa,3826.128184994525,1. Resto país
2004,AR-F,La Rioja,2520.350514623308,3. La Rioja
2004,AR-M,Mendoza,16294.445001773267,1. Resto país
2004,AR-N,Misiones,5385.670902209469,1. Resto país
2004,AR-Q,Neuquén,13372.499426450646,1. Resto país
2004,AR-R,Río Negro,5843.689111092489,1. Resto país
2004,AR-A,Salta,7264.366344138983,2. NOA-Resto
2004,AR-J,San Juan,4791.381687830709,1. Resto país
2004,AR-D,San Luis,4486.518603521241,1. Resto país
2004,AR-Z,Santa Cruz,7427.58479029961,1. Resto país
2004,AR-S,Santa Fe,34938.5999010332,1. Resto país
2004,AR-G,Santiago del Estero,5165.689413779488,2. NOA-Resto
2004,AR-V,Tierra del Fuego,3329.921293747206,1. Resto país
2004,AR-T,Tucumán,7416.993102372295,2. NOA-Resto
2005,AR-B,Buenos Aires,144250.01895252315,1. Resto país
2005,AR-C,CABA,93469.95463675623,1. Resto país
2005,AR-K,Catamarca,4350.10776774543,2. NOA-Resto
2005,AR-H,Chaco,6254.400273992606,1. Resto país
2005,AR-U,Chubut,9965.913162858926,1. Resto país
2005,AR-W,Corrientes,5419.832134179636,1. Resto país
2005,AR-X,Córdoba,37648.15552078849,1. Resto país
2005,AR-E,Entre Ríos,11704.25982744311,1. Resto país
2005,AR-P,Formosa,2557.506733885716,1. Resto país
2005,AR-Y,Jujuy,3855.4124577396296,2. NOA-Resto
2005,AR-L,La Pampa,4607.640394966203,1. Resto país
2005,AR-F,La Rioja,2718.6692214556588,3. La Rioja
2005,AR-M,Mendoza,16880.82450340275,1. Resto país
2005,AR-N,Misiones,5745.407290248909,1. Resto país
2005,AR-Q,Neuquén,13195.889155313085,1. Resto país
2005,AR-R,Río Negro,6406.376855477958,1. Resto país
2005,AR-A,Salta,7806.329561458874,2. NOA-Resto
2005,AR-J,San Juan,5256.855159910031,1. Resto país
2005,AR-D,San Luis,4785.114549925444,1. Resto país
2005,AR-Z,Santa Cruz,7585.025494084977,1. Resto país
2005,AR-S,Santa Fe,38666.4370980856,1. Resto país
2005,AR-G,Santiago del Estero,5202.491355886573,2. NOA-Resto
2005,AR-V,Tierra del Fuego,3626.2595871360163,1. Resto país
2005,AR-T,Tucumán,8200.339908670028,2. NOA-Resto
2006,AR-B,Buenos Aires,154690.49646350872,1. Resto país
2006,AR-C,CABA,101611.0837740649,1. Resto país
2006,AR-K,Catamarca,4586.2666965094495,2. NOA-Resto
2006,AR-H,Chaco,6857.731823114191,1. Resto país
2006,AR-U,Chubut,10999.771078496578,1. Resto país
2006,AR-W,Corrientes,5703.463900320447,1. Resto país
2006,AR-X,Córdoba,39985.42106446756,1. Resto país
2006,AR-E,Entre Ríos,12458.141764772166,1. Resto país
2006,AR-P,Formosa,2734.8460493501752,1. Resto país
2006,AR-Y,Jujuy,4096.5501505368165,2. NOA-Resto
2006,AR-L,La Pampa,4616.580119575321,1. Resto país
2006,AR-F,La Rioja,2851.713936585146,3. La Rioja
2006,AR-M,Mendoza,18538.146724464867,1. Resto país
2006,AR-N,Misiones,6069.920730073429,1. Resto país
2006,AR-Q,Neuquén,13628.40385998013,1. Resto país
2006,AR-R,Río Negro,7018.450347340538,1. Resto país
2006,AR-A,Salta,8576.222248848555,2. NOA-Resto
2006,AR-J,San Juan,5879.970971083377,1. Resto país
2006,AR-D,San Luis,4949.946431781591,1. Resto país
2006,AR-Z,Santa Cruz,8247.073540300986,1. Resto país
2006,AR-S,Santa Fe,40612.29972975432,1. Resto país
2006,AR-G,Santiago del Estero,6407.930099341795,2. NOA-Resto
2006,AR-V,Tierra del Fuego,4101.171334110191,1. Resto país
2006,AR-T,Tucumán,9088.059674559607,2. NOA-Resto
2007,AR-B,Buenos Aires,165798.93687057696,1. Resto país
2007,AR-C,CABA,112043.00268778,1. Resto país
2007,AR-K,Catamarca,4735.1555228953175,2. NOA-Resto
2007,AR-H,Chaco,7474.24698277661,1. Resto país
2007,AR-U,Chubut,11203.803748440941,1. Resto país
2007,AR-W,Corrientes,6085.322433315804,1. Resto país
2007,AR-X,Córdoba,45319.75497996536,1. Resto país
2007,AR-E,Entre Ríos,13767.910105556337,1. Resto país
2007,AR-P,Formosa,2961.4454999743602,1. Resto país
2007,AR-Y,Jujuy,4430.736790754398,2. NOA-Resto
2007,AR-L,La Pampa,5171.145994158459,1. Resto país
2007,AR-F,La Rioja,3128.877358604226,3. La Rioja
2007,AR-M,Mendoza,19725.61137720643,1. Resto país
2007,AR-N,Misiones,6355.842168543136,1. Resto país
2007,AR-Q,Neuquén,13949.540312306714,1. Resto país
2007,AR-R,Río Negro,7357.660076976103,1. Resto país
2007,AR-A,Salta,9208.789241090191,2. NOA-Resto
2007,AR-J,San Juan,6265.337127620006,1. Resto país
2007,AR-D,San Luis,5284.970663734567,1. Resto país
2007,AR-Z,Santa Cruz,8251.301129296646,1. Resto país
2007,AR-S,Santa Fe,43484.70850450467,1. Resto país
2007,AR-G,Santiago del Estero,7164.796823714861,2. NOA-Resto
2007,AR-V,Tierra del Fuego,4259.4774937869715,1. Resto país
2007,AR-T,Tucumán,9767.33266263302,2. NOA-Resto
2008,AR-B,Buenos Aires,173707.72288392417,1. Resto país
2008,AR-C,CABA,117138.63951063761,1. Resto país
2008,AR-K,Catamarca,4556.185409043035,2. NOA-Resto
2008,AR-H,Chaco,7893.518770556102,1. Resto país
2008,AR-U,Chubut,11326.755684149424,1. Resto país
2008,AR-W,Corrientes,6342.719388541876,1. Resto país
2008,AR-X,Córdoba,46370.611280916615,1. Resto país
2008,AR-E,Entre Ríos,14105.849672978107,1. Resto país
2008,AR-P,Formosa,2948.366633568503,1. Resto país
2008,AR-Y,Jujuy,4639.601079863431,2. NOA-Resto
2008,AR-L,La Pampa,5579.9730548436255,1. Resto país
2008,AR-F,La Rioja,3083.524513554362,3. La Rioja
2008,AR-M,Mendoza,20460.114481890458,1. Resto país
2008,AR-N,Misiones,6302.007198376821,1. Resto país
2008,AR-Q,Neuquén,14018.740378224305,1. Resto país
2008,AR-R,Río Negro,7498.568888700255,1. Resto país
2008,AR-A,Salta,9596.607711476448,2. NOA-Resto
2008,AR-J,San Juan,6697.675487043129,1. Resto país
2008,AR-D,San Luis,5474.115235259079,1. Resto país
2008,AR-Z,Santa Cruz,8255.085305455861,1. Resto país
2008,AR-S,Santa Fe,44719.21186460518,1. Resto país
2008,AR-G,Santiago del Estero,7458.351562397037,2. NOA-Resto
2008,AR-V,Tierra del Fuego,4252.289666112132,1. Resto país
2008,AR-T,Tucumán,10291.690214785407,2. NOA-Resto
2009,AR-B,Buenos Aires,162737.54341611377,1. Resto país
2009,AR-C,CABA,113930.44540423097,1. Resto país
2009,AR-K,Catamarca,4158.00598505981,2. NOA-Resto
2009,AR-H,Chaco,7518.486481732507,1. Resto país
2009,AR-U,Chubut,10719.48141688076,1. Resto país
2009,AR-W,Corrientes,6146.1577979929325,1. Resto país
2009,AR-X,Córdoba,42137.31899589594,1. Resto país
2009,AR-E,Entre Ríos,13016.476178825573,1. Resto país
2009,AR-P,Formosa,2946.380913351659,1. Resto país
2009,AR-Y,Jujuy,4582.22455427787,2. NOA-Resto
2009,AR-L,La Pampa,5166.174207744922,1. Resto país
2009,AR-F,La Rioja,2972.1802210852984,3. La Rioja
2009,AR-M,Mendoza,19279.829530663348,1. Resto país
2009,AR-N,Misiones,5984.913455072045,1. Resto país
2009,AR-Q,Neuquén,13330.074204895616,1. Resto país
2009,AR-R,Río Negro,7265.080509000964,1. Resto país
2009,AR-A,Salta,9187.251850941399,2. NOA-Resto
2009,AR-J,San Juan,6765.919110486781,1. Resto país
2009,AR-D,San Luis,5194.003597768014,1. Resto país
2009,AR-Z,Santa Cruz,8437.505678054747,1. Resto país
2009,AR-S,Santa Fe,40020.19608239431,1. Resto país
2009,AR-G,Santiago del Estero,6377.302546295839,2. NOA-Resto
2009,AR-V,Tierra del Fuego,3831.3029018269544,1. Resto país
2009,AR-T,Tucumán,9844.599150312168,2. NOA-Resto
2010,AR-B,Buenos Aires,182269.33693986316,1. Resto país
2010,AR-C,CABA,120655.15237519846,1. Resto país
2010,AR-K,Catamarca,4259.239751162789,2. NOA-Resto
2010,AR-H,Chaco,8467.187833029226,1. Resto país
2010,AR-U,Chubut,11458.768602323511,1. Resto país
2010,AR-W,Corrientes,6496.763868723674,1. Resto país
2010,AR-X,Córdoba,47523.28149297794,1. Resto país
2010,AR-E,Entre Ríos,14954.008385108513,1. Resto país
2010,AR-P,Formosa,3100.3046268192775,1. Resto país
2010,AR-Y,Jujuy,5060.90252510888,2. NOA-Resto
2010,AR-L,La Pampa,5516.95175858215,1. Resto país
2010,AR-F,La Rioja,3282.873845962584,3. La Rioja
2010,AR-M,Mendoza,20145.172945051294,1. Resto país
2010,AR-N,Misiones,6468.6908635545315,1. Resto país
2010,AR-Q,Neuquén,13371.949372475256,1. Resto país
2010,AR-R,Río Negro,7692.065976336182,1. Resto país
2010,AR-A,Salta,9918.13896510284,2. NOA-Resto
2010,AR-J,San Juan,7882.314679278436,1. Resto país
2010,AR-D,San Luis,5561.41246261179,1. Resto país
2010,AR-Z,Santa Cruz,8624.743771582336,1. Resto país
2010,AR-S,Santa Fe,46304.36523266648,1. Resto país
2010,AR-G,Santiago del Estero,8390.523250390761,2. NOA-Resto
2010,AR-V,Tierra del Fuego,4812.189528128276,1. Resto país
2010,AR-T,Tucumán,10474.030477857297,2. NOA-Resto
2011,AR-B,Buenos Aires,193638.3165152875,1. Resto país
2011,AR-C,CABA,126646.75399574771,1. Resto país
2011,AR-K,Catamarca,4231.855095013623,2. NOA-Resto
2011,AR-H,Chaco,9356.35750823711,1. Resto país
2011,AR-U,Chubut,11917.564547769187,1. Resto país
2011,AR-W,Corrientes,7129.12807891337,1. Resto país
2011,AR-X,Córdoba,49660.89707397725,1. Resto país
2011,AR-E,Entre Ríos,15653.316549820926,1. Resto país
2011,AR-P,Formosa,3372.559232613471,1. Resto país
2011,AR-Y,Jujuy,5317.735136918633,2. NOA-Resto
2011,AR-L,La Pampa,5899.745282450161,1. Resto país
2011,AR-F,La Rioja,3460.6633689226396,3. La Rioja
2011,AR-M,Mendoza,21286.625291997534,1. Resto país
2011,AR-N,Misiones,6890.465907207836,1. Resto país
2011,AR-Q,Neuquén,13374.221019897424,1. Resto país
2011,AR-R,Río Negro,8273.49624116294,1. Resto país
2011,AR-A,Salta,10461.221803958191,2. NOA-Resto
2011,AR-J,San Juan,8298.24585670661,1. Resto país
2011,AR-D,San Luis,5907.646956054552,1. Resto país
2011,AR-Z,Santa Cruz,8600.132145826134,1. Resto país
2011,AR-S,Santa Fe,47627.4867516752,1. Resto país
2011,AR-G,Santiago del Estero,8891.230805307678,2. NOA-Resto
2011,AR-V,Tierra del Fuego,5967.517359276793,1. Resto país
2011,AR-T,Tucumán,11366.17830163894,2. NOA-Resto
2012,AR-B,Buenos Aires,192659.467346774,1. Resto país
2012,AR-C,CABA,124780.94368182395,1. Resto país
2012,AR-K,Catamarca,4326.093906418369,2. NOA-Resto
2012,AR-H,Chaco,8524.385441823115,1. Resto país
2012,AR-U,Chubut,11490.8649725293,1. Resto país
2012,AR-W,Corrientes,7167.112387447054,1. Resto país
2012,AR-X,Córdoba,47383.62463873097,1. Resto país
2012,AR-E,Entre Ríos,15594.778391664342,1. Resto país
2012,AR-P,Formosa,3375.4382698715826,1. Resto país
2012,AR-Y,Jujuy,5446.28169601939,2. NOA-Resto
2012,AR-L,La Pampa,5904.047691236079,1. Resto país
2012,AR-F,La Rioja,3333.5046082027775,3. La Rioja
2012,AR-M,Mendoza,21445.538408003198,1. Resto país
2012,AR-N,Misiones,6971.963933073057,1. Resto país
2012,AR-Q,Neuquén,12838.23082268295,1. Resto país
2012,AR-R,Río Negro,8428.350503925463,1. Resto país
2012,AR-A,Salta,9929.634629378415,2. NOA-Resto
2012,AR-J,San Juan,8372.92429618724,1. Resto país
2012,AR-D,San Luis,5823.114665609325,1. Resto país
2012,AR-Z,Santa Cruz,9212.686501727394,1. Resto país
2012,AR-S,Santa Fe,45930.21647172726,1. Resto país
2012,AR-G,Santiago del Estero,8183.76504136105,2. NOA-Resto
2012,AR-V,Tierra del Fuego,6426.001554341259,1. Resto país
2012,AR-T,Tucumán,11257.054084287522,2. NOA-Resto
2013,AR-B,Buenos Aires,196304.0611707295,1. Resto país
2013,AR-C,CABA,124883.37075653733,1. Resto país
2013,AR-K,Catamarca,4137.898631744011,2. NOA-Resto
2013,AR-H,Chaco,8943.206457758806,1. Resto país
2013,AR-U,Chubut,11845.076630322814,1. Resto país
2013,AR-W,Corrientes,7353.947986551492,1. Resto país
2013,AR-X,Córdoba,50922.606885005785,1. Resto país
2013,AR-E,Entre Ríos,16112.887389498033,1. Resto país
2013,AR-P,Formosa,3460.1020785069295,1. Resto país
2013,AR-Y,Jujuy,5467.744686933372,2. NOA-Resto
2013,AR-L,La Pampa,5959.897276703966,1. Resto país
2013,AR-F,La Rioja,3489.539524733442,3. La Rioja
2013,AR-M,Mendoza,21583.071611350122,1. Resto país
2013,AR-N,Misiones,7275.60287575051,1. Resto país
2013,AR-Q,Neuquén,12817.811729117544,1. Resto país
2013,AR-R,Río Negro,8704.659686288845,1. Resto país
2013,AR-A,Salta,9513.381554070746,2. NOA-Resto
2013,AR-J,San Juan,8581.759295078282,1. Resto país
2013,AR-D,San Luis,6233.473941982881,1. Resto país
2013,AR-Z,Santa Cruz,9310.183369911552,1. Resto país
2013,AR-S,Santa Fe,47948.06867151824,1. Resto país
2013,AR-G,Santiago del Estero,9193.92253352994,2. NOA-Resto
2013,AR-V,Tierra del Fuego,6431.323604196878,1. Resto país
2013,AR-T,Tucumán,11206.705392361893,2. NOA-Resto
2014,AR-B,Buenos Aires,189414.56342704743,1. Resto país
2014,AR-C,CABA,122315.64532211225,1. Resto país
2014,AR-K,Catamarca,4262.849545695977,2. NOA-Resto
2014,AR-H,Chaco,9653.221992207664,1. Resto país
2014,AR-U,Chubut,12152.826072432475,1. Resto país
2014,AR-W,Corrientes,7382.160614032075,1. Resto país
2014,AR-X,Córdoba,50256.4252599618,1. Resto país
2014,AR-E,Entre Ríos,15885.138940041174,1. Resto país
2014,AR-P,Formosa,3418.3239517550514,1. Resto país
2014,AR-Y,Jujuy,5513.580542780318,2. NOA-Resto
2014,AR-L,La Pampa,5680.719856299529,1. Resto país
2014,AR-F,La Rioja,3366.1925939243497,3. La Rioja
2014,AR-M,Mendoza,21037.522004319362,1. Resto país
2014,AR-N,Misiones,7340.602956224029,1. Resto país
2014,AR-Q,Neuquén,13275.002822234464,1. Resto país
2014,AR-R,Río Negro,8528.237966104673,1. Resto país
2014,AR-A,Salta,10031.923707575545,2. NOA-Resto
2014,AR-J,San Juan,8172.512306221966,1. Resto país
2014,AR-D,San Luis,6090.028678574018,1. Resto país
2014,AR-Z,Santa Cruz,9423.042164097466,1. Resto país
2014,AR-S,Santa Fe,46297.799345092375,1. Resto país
2014,AR-G,Santiago del Estero,10641.944702790763,2. NOA-Resto
2014,AR-V,Tierra del Fuego,5720.507279805044,1. Resto país
2014,AR-T,Tucumán,10967.686398797348,2. NOA-Resto
2015,AR-B,Buenos Aires,195353.40957580585,1. Resto país
2015,AR-C,CABA,124107.99636069649,1. Resto país
2015,AR-K,Catamarca,3854.91070259197,2. NOA-Resto
2015,AR-H,Chaco,9543.211289147106,1. Resto país
2015,AR-U,Chubut,12251.615443188412,1. Resto país
2015,AR-W,Corrientes,7585.72312320897,1. Resto país
2015,AR-X,Córdoba,52252.09352634016,1. Resto país
2015,AR-E,Entre Ríos,16447.984584973347,1. Resto país
2015,AR-P,Formosa,3621.6033192418004,1. Resto país
2015,AR-Y,Jujuy,5771.744856525733,2. NOA-Resto
2015,AR-L,La Pampa,5989.238107158972,1. Resto país
2015,AR-F,La Rioja,3440.8448954392106,3. La Rioja
2015,AR-M,Mendoza,21786.253841590482,1. Resto país
2015,AR-N,Misiones,7555.406211776997,1. Resto país
2015,AR-Q,Neuquén,13975.134470269695,1. Resto país
2015,AR-R,Río Negro,8788.932137618656,1. Resto país
2015,AR-A,Salta,10806.70486699804,2. NOA-Resto
2015,AR-J,San Juan,7904.443368712265,1. Resto país
2015,AR-D,San Luis,6432.568971569377,1. Resto país
2015,AR-Z,Santa Cruz,10294.44991128173,1. Resto país
2015,AR-S,Santa Fe,47210.34517120949,1. Resto país
2015,AR-G,Santiago del Estero,10470.096565766697,2. NOA-Resto
2015,AR-V,Tierra del Fuego,5913.048245643804,1. Resto país
2015,AR-T,Tucumán,11278.710654484237,2. NOA-Resto
2016,AR-B,Buenos Aires,191212.38691017136,1. Resto país
2016,AR-C,CABA,123069.3193121094,1. Resto país
2016,AR-K,Catamarca,3857.1527766440363,2. NOA-Resto
2016,AR-H,Chaco,9428.18462037238,1. Resto país
2016,AR-U,Chubut,11777.00934232591,1. Resto país
2016,AR-W,Corrientes,7432.8506902449035,1. Resto país
2016,AR-X,Córdoba,51437.995500033445,1. Resto país
2016,AR-E,Entre Ríos,15682.531774171626,1. Resto país
2016,AR-P,Formosa,3607.714274678607,1. Resto país
2016,AR-Y,Jujuy,5561.802770859292,2. NOA-Resto
2016,AR-L,La Pampa,6197.514048229146,1. Resto país
2016,AR-F,La Rioja,3390.732274539304,3. La Rioja
2016,AR-M,Mendoza,20738.70823267396,1. Resto país
2016,AR-N,Misiones,7372.985553595276,1. Resto país
2016,AR-Q,Neuquén,13721.911144564549,1. Resto país
2016,AR-R,Río Negro,8535.025388469452,1. Resto país
2016,AR-A,Salta,10443.627416951096,2. NOA-Resto
2016,AR-J,San Juan,7529.823500885285,1. Resto país
2016,AR-D,San Luis,6231.761709297074,1. Resto país
2016,AR-Z,Santa Cruz,9512.294785071352,1. Resto país
2016,AR-S,Santa Fe,44693.68049964766,1. Resto país
2016,AR-G,Santiago del Estero,10765.440389927964,2. NOA-Resto
2016,AR-V,Tierra del Fuego,5633.012679839971,1. Resto país
2016,AR-T,Tucumán,11461.029315911988,2. NOA-Resto
2017,AR-B,Buenos Aires,196053.7386380993,1. Resto país
2017,AR-C,CABA,125851.40755819695,1. Resto país
2017,AR-K,Catamarca,3797.491593175459,2. NOA-Resto
2017,AR-H,Chaco,9798.786524271296,1. Resto país
2017,AR-U,Chubut,12100.409690285172,1. Resto país
2017,AR-W,Corrientes,7791.113605031898,1. Resto país
2017,AR-X,Córdoba,52518.31448647719,1. Resto país
2017,AR-E,Entre Ríos,16467.48357522382,1. Resto país
2017,AR-P,Formosa,3700.083498746916,1. Resto país
2017,AR-Y,Jujuy,5729.807658597462,2. NOA-Resto
2017,AR-L,La Pampa,6017.231881698818,1. Resto país
2017,AR-F,La Rioja,3500.4297548849117,3. La Rioja
2017,AR-M,Mendoza,20987.501030313364,1. Resto país
2017,AR-N,Misiones,7552.488313134425,1. Resto país
2017,AR-Q,Neuquén,13632.347899218712,1. Resto país
2017,AR-R,Río Negro,8635.749256561829,1. Resto país
2017,AR-A,Salta,10832.79776298491,2. NOA-Resto
2017,AR-J,San Juan,7705.027767105922,1. Resto país
2017,AR-D,San Luis,6317.333997739299,1. Resto país
2017,AR-Z,Santa Cruz,9289.215381475307,1. Resto país
2017,AR-S,Santa Fe,47304.20878126334,1. Resto país
2017,AR-G,Santiago del Estero,11407.750990289485,2. NOA-Resto
2017,AR-V,Tierra del Fuego,5667.262069982659,1. Resto país
2017,AR-T,Tucumán,11837.782241179873,2. NOA-Resto
2018,AR-B,Buenos Aires,189705.06828057024,1. Resto país
2018,AR-C,CABA,123960.27416433956,1. Resto país
2018,AR-K,Catamarca,3624.651487861098,2. NOA-Resto
2018,AR-H,Chaco,9671.312887731961,1. Resto país
2018,AR-U,Chubut,12044.51098188139,1. Resto país
2018,AR-W,Corrientes,7884.82674201752,1. Resto país
2018,AR-X,Córdoba,49072.85101576058,1. Resto país
2018,AR-E,Entre Ríos,15820.86506016777,1. Resto país
2018,AR-P,Formosa,3680.8827842552228,1. Resto país
2018,AR-Y,Jujuy,5667.701731514498,2. NOA-Resto
2018,AR-L,La Pampa,5917.229578113439,1. Resto país
2018,AR-F,La Rioja,3375.698059510104,3. La Rioja
2018,AR-M,Mendoza,20986.928019708677,1. Resto país
2018,AR-N,Misiones,7440.846024725171,1. Resto país
2018,AR-Q,Neuquén,14457.803347549263,1. Resto país
2018,AR-R,Río Negro,8683.942116688722,1. Resto país
2018,AR-A,Salta,10714.783613415308,2. NOA-Resto
2018,AR-J,San Juan,7593.670017113161,1. Resto país
2018,AR-D,San Luis,5969.8311310489635,1. Resto país
2018,AR-Z,Santa Cruz,9158.60931168346,1. Resto país
2018,AR-S,Santa Fe,45184.225247291026,1. Resto país
2018,AR-G,Santiago del Estero,10062.553120914463,2. NOA-Resto
2018,AR-V,Tierra del Fuego,5614.21294455139,1. Resto país
2018,AR-T,Tucumán,11962.311705800814,2. NOA-Resto
2019,AR-B,Buenos Aires,184883.6551682327,1. Resto país
2019,AR-C,CABA,118127.08174770726,1. Resto país
2019,AR-K,Catamarca,3277.5584440535877,2. NOA-Resto
2019,AR-H,Chaco,9144.803921101595,1. Resto país
2019,AR-U,Chubut,12183.356594889361,1. Resto país
2019,AR-W,Corrientes,7604.429120971796,1. Resto país
2019,AR-X,Córdoba,50229.88011390725,1. Resto país
2019,AR-E,Entre Ríos,16066.89715236685,1. Resto país
2019,AR-P,Formosa,3469.3401976060727,1. Resto país
2019,AR-Y,Jujuy,5744.505681767608,2. NOA-Resto
2019,AR-L,La Pampa,6057.460367764089,1. Resto país
2019,AR-F,La Rioja,3291.659809459429,3. La Rioja
2019,AR-M,Mendoza,20689.43769646239,1. Resto país
2019,AR-N,Misiones,7277.645729364753,1. Resto país
2019,AR-Q,Neuquén,15789.967543141354,1. Resto país
2019,AR-R,Río Negro,8544.777447976408,1. Resto país
2019,AR-A,Salta,10851.63870189922,2. NOA-Resto
2019,AR-J,San Juan,7364.097261300928,1. Resto país
2019,AR-D,San Luis,5822.852628040145,1. Resto país
2019,AR-Z,Santa Cruz,8957.75514038311,1. Resto país
2019,AR-S,Santa Fe,45670.52960065444,1. Resto país
2019,AR-G,Santiago del Estero,10578.344218696053,2. NOA-Resto
2019,AR-V,Tierra del Fuego,5084.145013493656,1. Resto país
2019,AR-T,Tucumán,12060.755145201036,2. NOA-Resto
2020,AR-B,Buenos Aires,168105.9614360447,1. Resto país
2020,AR-C,CABA,103866.38057701518,1. Resto país
2020,AR-K,Catamarca,2953.1807741783996,2. NOA-Resto
2020,AR-H,Chaco,8583.459784442302,1. Resto país
2020,AR-U,Chubut,10929.786902813848,1. Resto país
2020,AR-W,Corrientes,6947.545363509104,1. Resto país
2020,AR-X,Córdoba,44697.1550852112,1. Resto país
2020,AR-E,Entre Ríos,14987.102614707153,1. Resto país
2020,AR-P,Formosa,3243.8507166855125,1. Resto país
2020,AR-Y,Jujuy,5238.660860714083,2. NOA-Resto
2020,AR-L,La Pampa,5441.994118819733,1. Resto país
2020,AR-F,La Rioja,2908.4542255778533,3. La Rioja
2020,AR-M,Mendoza,18038.465493179363,1. Resto país
2020,AR-N,Misiones,6961.487939208577,1. Resto país
2020,AR-Q,Neuquén,14601.074661285618,1. Resto país
2020,AR-R,Río Negro,7745.820825642553,1. Resto país
2020,AR-A,Salta,10042.548678894973,2. NOA-Resto
2020,AR-J,San Juan,6621.406266726822,1. Resto país
2020,AR-D,San Luis,5078.40862076322,1. Resto país
2020,AR-Z,Santa Cruz,7753.635760594645,1. Resto país
2020,AR-S,Santa Fe,41500.98191088346,1. Resto país
2020,AR-G,Santiago del Estero,9555.207463339595,2. NOA-Resto
2020,AR-V,Tierra del Fuego,4758.0370300595505,1. Resto país
2020,AR-T,Tucumán,10888.865688914026,2. NOA-Resto
2021,AR-B,Buenos Aires,186413.4519339409,1. Resto país
2021,AR-C,CABA,113287.49564844574,1. Resto país
2021,AR-K,Catamarca,3437.130202566072,2. NOA-Resto
2021,AR-H,Chaco,9152.0870801857891,1. Resto país
2021,AR-U,Chubut,11358.586046406142,1. Resto país
2021,AR-W,Corrientes,7580.6236657993995,1. Resto país
2021,AR-X,Córdoba,50123.28619812802,1. Resto país
2021,AR-E,Entre Ríos,15986.064688755529,1. Resto país
2021,AR-P,Formosa,3601.5118450205746,1. Resto país
2021,AR-Y,Jujuy,6008.227769716892,2. NOA-Resto
2021,AR-L,La Pampa,5878.049233279259,1. Resto país
2021,AR-F,La Rioja,3214.73362621082,3. La Rioja
2021,AR-M,Mendoza,19098.095755221173,1. Resto país
2021,AR-N,Misiones,7816.568398460395,1. Resto país
2021,AR-Q,Neuquén,17382.7697710604,1. Resto país
2021,AR-R,Río Negro,8243.23301654365,1. Resto país
2021,AR-A,Salta,10766.816247820154,2. NOA-Resto
2021,AR-J,San Juan,7385.926471901544,1. Resto país
2021,AR-D,San Luis,5975.812584570853,1. Resto país
2021,AR-Z,Santa Cruz,8235.527080450069,1. Resto país
2021,AR-S,Santa Fe,47464.55821944236,1. Resto país
2021,AR-G,Santiago del Estero,10272.44900706639,2. NOA-Resto
2021,AR-V,Tierra del Fuego,5446.5484610658295,1. Resto país
2021,AR-T,Tucumán,11851.321977444388,2. NOA-Resto
2022,AR-B,Buenos Aires,196508.68941625726,1. Resto país
2022,AR-C,CABA,119005.56797202493,1. Resto país
2022,AR-K,Catamarca,3822.779757561829,2. NOA-Resto
2022,AR-H,Chaco,9739.434550716347,1. Resto país
2022,AR-U,Chubut,11501.756196532686,1. Resto país
2022,AR-W,Corrientes,7697.056281381381,1. Resto país
2022,AR-X,Córdoba,51702.632769341166,1. Resto país
2022,AR-E,Entre Ríos,16833.723987550366,1. Resto país
2022,AR-P,Formosa,3605.8031199166335,1. Resto país
2022,AR-Y,Jujuy,6528.855601065837,2. NOA-Resto
2022,AR-L,La Pampa,6448.564536034806,1. Resto país
2022,AR-F,La Rioja,3480.57589530622,3. La Rioja
2022,AR-M,Mendoza,19870.1112119676,1. Resto país
2022,AR-N,Misiones,8042.8370776442625,1. Resto país
2022,AR-Q,Neuquén,20644.76950003068,1. Resto país
2022,AR-R,Río Negro,8519.552117280595,1. Resto país
2022,AR-A,Salta,11115.293091854894,2. NOA-Resto
2022,AR-J,San Juan,7867.462874402561,1. Resto país
2022,AR-D,San Luis,6238.592350487654,1. Resto país
2022,AR-Z,Santa Cruz,8355.637817690827,1. Resto país
2022,AR-S,Santa Fe,48267.79001938353,1. Resto país
2022,AR-G,Santiago del Estero,10959.116010394333,2. NOA-Resto
2022,AR-V,Tierra del Fuego,5859.757660141521,1. Resto país
2022,AR-T,Tucumán,11887.767267236324,2. NOA-Resto
2023,AR-B,Buenos Aires,192891.54745112278,1. Resto país
2023,AR-C,CABA,119458.50031266632,1. Resto país
2023,AR-K,Catamarca,4048.405318503734,2. NOA-Resto
2023,AR-H,Chaco,9482.39673646194,1. Resto país
2023,AR-U,Chubut,11255.774276489496,1. Resto país
2023,AR-W,Corrientes,7850.578862537045,1. Resto país
2023,AR-X,Córdoba,48101.89569042923,1. Resto país
2023,AR-E,Entre Ríos,16142.897033628191,1. Resto país
2023,AR-P,Formosa,3517.555869714982,1. Resto país
2023,AR-Y,Jujuy,6712.399711101376,2. NOA-Resto
2023,AR-L,La Pampa,6125.781575533415,1. Resto país
2023,AR-F,La Rioja,3462.9670408966936,3. La Rioja
2023,AR-M,Mendoza,19751.35215208854,1. Resto país
2023,AR-N,Misiones,7921.475834919171,1. Resto país
2023,AR-Q,Neuquén,23049.44604984018,1. Resto país
2023,AR-R,Río Negro,8514.882525453075,1. Resto país
2023,AR-A,Salta,11485.288920828463,2. NOA-Resto
2023,AR-J,San Juan,7770.368742414671,1. Resto país
2023,AR-D,San Luis,6113.050087490279,1. Resto país
2023,AR-Z,Santa Cruz,8320.498785831936,1. Resto país
2023,AR-S,Santa Fe,46567.37605598137,1. Resto país
2023,AR-G,Santiago del Estero,9497.230642813947,2. NOA-Resto
2023,AR-V,Tierra del Fuego,5607.549047156153,1. Resto país
2023,AR-T,Tucumán,11582.527751876465,2. NOA-Resto
2024,AR-B,Buenos Aires,187017.27381535503,1. Resto país
2024,AR-C,CABA,116846.20098676287,1. Resto país
2024,AR-K,Catamarca,3832.286397516087,2. NOA-Resto
2024,AR-H,Chaco,8880.840541586334,1. Resto país
2024,AR-U,Chubut,11000.36387876827,1. Resto país
2024,AR-W,Corrientes,7438.085809116308,1. Resto país
2024,AR-X,Córdoba,50276.795018408324,1. Resto país
2024,AR-E,Entre Ríos,16212.16668397849,1. Resto país
2024,AR-P,Formosa,3063.5434293604712,1. Resto país
2024,AR-Y,Jujuy,6073.519669391252,2. NOA-Resto
2024,AR-L,La Pampa,6148.65752108598,1. Resto país
2024,AR-F,La Rioja,3218.344598848827,3. La Rioja
2024,AR-M,Mendoza,19570.143051745235,1. Resto país
2024,AR-N,Misiones,7511.030204994835,1. Resto país
2024,AR-Q,Neuquén,25661.119564164113,1. Resto país
2024,AR-R,Río Negro,8460.563327073047,1. Resto país
2024,AR-A,Salta,11065.990562826968,2. NOA-Resto
2024,AR-J,San Juan,7707.687856063138,1. Resto país
2024,AR-D,San Luis,5574.489043516815,1. Resto país
2024,AR-Z,Santa Cruz,7963.499537961982,1. Resto país
2024,AR-S,Santa Fe,48016.83689423082,1. Resto país
2024,AR-G,Santiago del Estero,9312.992946306485,2. NOA-Resto
2024,AR-V,Tierra del Fuego,4872.032955147114,1. Resto país
2024,AR-T,Tucumán,11136.151550281395,2. NOA-Resto
