geocodigo,provincia,anio,rec_prov,rec_nac,rec_total,pct_propios,la_rioja_region
AR-B,Buenos Aires,2003,5680.543,4427.5299,10108.0729,0.5619808104074913,1. Resto país
AR-C,CABA,2003,3279.58908,318.70140000000004,3598.29048,0.9114297742854824,1. Resto país
AR-K,Catamarca,2003,57.82025,504.5717,562.3919500000001,0.1028113044647954,2. NOA-Resto
AR-H,Chaco,2003,140.2377,894.0219000000001,1034.2596,0.1355923599838957,1. Resto país
AR-U,Chubut,2003,146.29833000000002,359.4761,505.77443,0.2892560820047783,1. Resto país
AR-W,Corrientes,2003,95.66852,708.4787,804.1472200000001,0.1189689121850101,1. Resto país
AR-X,Córdoba,2003,1038.69209,1623.0074,2661.69949,0.3902364237218981,1. Resto país
AR-E,Entre Ríos,2003,328.57482999999996,915.8251,1244.39993,0.2640427904877815,1. Resto país
AR-P,Formosa,2003,33.07017,665.1026999999999,698.1728699999999,0.04736673597758103,1. Resto país
AR-Y,Jujuy,2003,71.69469000000001,547.6736999999999,619.36839,0.1157545188898,2. NOA-Resto
AR-L,La Pampa,2003,146.78215999999998,371.3776,518.15976,0.28327587615062966,1. Resto país
AR-F,La Rioja,2003,35.47744,398.0258,433.50324,0.08183892697088031,3. La Rioja
AR-M,Mendoza,2003,489.18623,795.0909,1284.27713,0.38090394866721644,1. Resto país
AR-N,Misiones,2003,166.56500000000003,651.1750999999999,817.7401,0.20368941183146091,1. Resto país
AR-Q,Neuquén,2003,311.68652999999995,364.90290000000005,676.58943,0.4606730702251733,1. Resto país
AR-R,Río Negro,2003,186.79311,483.0042,669.79731,0.27888005402709065,1. Resto país
AR-A,Salta,2003,211.91541999999995,733.3231,945.2385199999999,0.22419253502280037,2. NOA-Resto
AR-J,San Juan,2003,103.32476,614.7418,718.06656,0.14389301181216405,1. Resto país
AR-D,San Luis,2003,151.94436000000002,433.0525,584.99686,0.2597353428529514,1. Resto país
AR-Z,Santa Cruz,2003,139.75564,354.468,494.22364000000005,0.28277813663466195,1. Resto país
AR-S,Santa Fe,2003,1098.3001700000002,1680.1428,2778.44297,0.39529340060559176,1. Resto país
AR-G,Santiago del Estero,2003,96.24673,761.0144,857.26113,0.11227235976510448,2. NOA-Resto
AR-V,Tierra del Fuego,2003,80.096,270.8972,350.9932,0.2281981531266133,1. Resto país
AR-T,Tucumán,2003,278.14503,885.0249,1163.16993,0.23912673705380263,2. NOA-Resto
AR-B,Buenos Aires,2004,7211.603,6010.7782,13222.3812,0.545408795202486,1. Resto país
AR-C,CABA,2004,4187.700000000001,524.065,4711.765000000001,0.8887752254197736,1. Resto país
AR-K,Catamarca,2004,72.83806,729.7348000000001,802.5728600000001,0.09075569786897603,2. NOA-Resto
AR-H,Chaco,2004,161.77919999999997,1321.1801,1482.9593,0.10909213759271746,1. Resto país
AR-U,Chubut,2004,206.19077000000001,495.5895,701.78027,0.29381101010434507,1. Resto país
AR-W,Corrientes,2004,104.01503000000001,1029.5436,1133.55863,0.09175972662305082,1. Resto país
AR-X,Córdoba,2004,1214.80383,2378.2857000000004,3593.08953,0.3380945060948704,1. Resto país
AR-E,Entre Ríos,2004,421.82777,1325.7576000000001,1747.5853700000002,0.2413774899019668,1. Resto país
AR-P,Formosa,2004,43.027550000000005,969.0349,1012.06245,0.04251471833581021,1. Resto país
AR-Y,Jujuy,2004,94.58231,789.3001999999999,883.8825099999999,0.10700778545782065,2. NOA-Resto
AR-L,La Pampa,2004,173.75776999999997,525.2632,699.0209699999999,0.24857304352400184,1. Resto país
AR-F,La Rioja,2004,44.22616,566.9208000000001,611.1469600000001,0.07236583488855118,3. La Rioja
AR-M,Mendoza,2004,592.5225500000001,1146.3861000000002,1738.9086500000003,0.34074392004433357,1. Resto país
AR-N,Misiones,2004,208.68695,934.0752,1142.76215,0.18261626008526796,1. Resto país
AR-Q,Neuquén,2004,372.81117,510.7548,883.56597,0.4219392582536876,1. Resto país
AR-R,Río Negro,2004,229.357,693.6731,923.0301,0.24848268761766276,1. Resto país
AR-A,Salta,2004,270.61940999999996,1064.764,1335.38341,0.20265296691082899,2. NOA-Resto
AR-J,San Juan,2004,136.36103,899.5310999999999,1035.89213,0.1316363220174286,1. Resto país
AR-D,San Luis,2004,169.93074000000004,630.3114,800.2421400000001,0.21234915222035175,1. Resto país
AR-Z,Santa Cruz,2004,173.83767,482.95529999999997,656.79297,0.26467650833717055,1. Resto país
AR-S,Santa Fe,2004,1392.72558,2445.2777,3838.00328,0.36287764193885735,1. Resto país
AR-G,Santiago del Estero,2004,130.39654,1107.8103999999998,1238.2069399999998,0.10531078108801425,2. NOA-Resto
AR-V,Tierra del Fuego,2004,122.22017,368.8315,491.05167,0.24889472425579978,1. Resto país
AR-T,Tucumán,2004,372.06345,1289.4788999999998,1661.5423499999997,0.22392655233855463,2. NOA-Resto
AR-B,Buenos Aires,2005,8591.57,7199.8385,15791.4085,0.5440660977138296,1. Resto país
AR-C,CABA,2005,5000.854,646.2107,5647.0647,0.8855669742902008,1. Resto país
AR-K,Catamarca,2005,87.69191,898.0386,985.73051,0.08896134299424291,2. NOA-Resto
AR-H,Chaco,2005,197.8068,1637.4025,1835.2093,0.10778432737889897,1. Resto país
AR-U,Chubut,2005,243.45614,587.4771999999999,830.9333399999999,0.2929911802552056,1. Resto país
AR-W,Corrientes,2005,157.23000000000002,1267.1948,1424.4248,0.11038139745952191,1. Resto país
AR-X,Córdoba,2005,1469.97692,2929.6916,4399.66852,0.3341108343316737,1. Resto país
AR-E,Entre Ríos,2005,511.72499,1629.091,2140.81599,0.2390326830471777,1. Resto país
AR-P,Formosa,2005,65.99801,1195.9811000000002,1261.9791100000002,0.052297228596755445,1. Resto país
AR-Y,Jujuy,2005,114.16999999999999,967.4129,1081.5829,0.10555825170682707,2. NOA-Resto
AR-L,La Pampa,2005,226.34957,640.5041,866.85367,0.2611162389149255,1. Resto país
AR-F,La Rioja,2005,60.65773,694.5983,755.25603,0.080314128706791,3. La Rioja
AR-M,Mendoza,2005,756.4971499999999,1413.872,2170.36915,0.3485569033267912,1. Resto país
AR-N,Misiones,2005,256.95000000000005,1150.9388999999999,1407.8889,0.18250729869381033,1. Resto país
AR-Q,Neuquén,2005,473.78655000000003,621.1124,1094.89895,0.4327217137252712,1. Resto país
AR-R,Río Negro,2005,301.33299999999997,851.1836999999999,1152.5167,0.2614565151203449,1. Resto país
AR-A,Salta,2005,339.75971,1309.0007,1648.76041,0.20606978912114948,2. NOA-Resto
AR-J,San Juan,2005,183.47937,1106.2372,1289.71657,0.14226332689514873,1. Resto país
AR-D,San Luis,2005,236.96860000000004,761.1025,998.0711,0.23742657211495258,1. Resto país
AR-Z,Santa Cruz,2005,225.56631000000002,594.2024,819.76871,0.2751584773222193,1. Resto país
AR-S,Santa Fe,2005,1600.2790000000002,3009.9728999999998,4610.2519,0.3471131371368233,1. Resto país
AR-G,Santiago del Estero,2005,156.39216,1367.0533,1523.44546,0.10265688146131598,2. NOA-Resto
AR-V,Tierra del Fuego,2005,157.31452000000002,444.0442,601.35872,0.2615984682154439,1. Resto país
AR-T,Tucumán,2005,514.72702,1588.7492,2103.47622,0.24470303733692794,2. NOA-Resto
AR-B,Buenos Aires,2006,10602,8655.256599999999,19257.2566,0.5505457096105787,1. Resto país
AR-C,CABA,2006,6164.745,802.7464,6967.4914,0.8847868832676277,1. Resto país
AR-K,Catamarca,2006,115.78137,1107.9445,1223.72587,0.0946138124872689,2. NOA-Resto
AR-H,Chaco,2006,249.24336,2027.5566999999999,2276.80006,0.10947090365062621,1. Resto país
AR-U,Chubut,2006,371.17978999999997,714.6615,1085.84129,0.34183613518693873,1. Resto país
AR-W,Corrientes,2006,202.32,1567.0418,1769.3618,0.11434631402124766,1. Resto país
AR-X,Córdoba,2006,1848.8810300000002,3615.3833,5464.26433,0.3383586368341006,1. Resto país
AR-E,Entre Ríos,2006,622.75852,2006.1209,2628.8794199999998,0.2368912454721868,1. Resto país
AR-P,Formosa,2006,84.61382,1479.0617,1563.67552,0.05411213446636295,1. Resto país
AR-Y,Jujuy,2006,144.1838,1190.3622,1334.546,0.10803958799471879,2. NOA-Resto
AR-L,La Pampa,2006,255.53694,787.4638,1043.00074,0.24500168619247575,1. Resto país
AR-F,La Rioja,2006,79.27051,854.9327,934.2032099999999,0.0848536048168792,3. La Rioja
AR-M,Mendoza,2006,994.15,1738.5455,2732.6955,0.36379830830035764,1. Resto país
AR-N,Misiones,2006,370.81403000000006,1419.8455,1790.65953,0.20708237595563467,1. Resto país
AR-Q,Neuquén,2006,610.30346,761.0838,1371.38726,0.44502634507484046,1. Resto país
AR-R,Río Negro,2006,393.92900000000003,1046.816,1440.7450000000001,0.2734203485002551,1. Resto país
AR-A,Salta,2006,434.37530000000004,1617.8393,2052.2146000000002,0.21166173362181517,2. NOA-Resto
AR-J,San Juan,2006,229.92138,1365.759,1595.68038,0.1440898709301671,1. Resto país
AR-D,San Luis,2006,266.29103,936.9775999999999,1203.26863,0.22130638442722467,1. Resto país
AR-Z,Santa Cruz,2006,322.82863,718.6236,1041.4522299999999,0.30997929689007436,1. Resto país
AR-S,Santa Fe,2006,1886.4489999999998,3702.902,5589.351,0.33750769991006113,1. Resto país
AR-G,Santiago del Estero,2006,184.99446999999998,1688.8211000000001,1873.8155700000002,0.0987260822045576,2. NOA-Resto
AR-V,Tierra del Fuego,2006,252.49022,539.9728,792.46302,0.31861451402489416,1. Resto país
AR-T,Tucumán,2006,602.0656399999999,1958.6273999999999,2560.6930399999997,0.23511823970904377,2. NOA-Resto
AR-B,Buenos Aires,2007,13029.149999999998,11119.1643,24148.3143,0.5395469778194828,1. Resto país
AR-C,CABA,2007,7806.6414,1064.2273,8870.8687,0.8800312194903752,1. Resto país
AR-K,Catamarca,2007,151.12401,1454.0628000000002,1605.1868100000002,0.09414730364000436,2. NOA-Resto
AR-H,Chaco,2007,333.26575,2674.3556,3007.62135,0.11080708347811138,1. Resto país
AR-U,Chubut,2007,520.00538,923.4607,1443.46608,0.3602477309338644,1. Resto país
AR-W,Corrientes,2007,268.61,2060.3961,2329.0061,0.11533245876857086,1. Resto país
AR-X,Córdoba,2007,2279.772,4756.6484,7036.4204,0.32399599091606296,1. Resto país
AR-E,Entre Ríos,2007,804.8759500000002,2632.6092000000003,3437.4851500000004,0.23414674242301822,1. Resto país
AR-P,Formosa,2007,124.2302,1944.8068999999998,2069.0371,0.060042519295569904,1. Resto país
AR-Y,Jujuy,2007,184.11,1558.3877,1742.4977,0.10565867604875463,2. NOA-Resto
AR-L,La Pampa,2007,320.26293000000004,1023.4763,1343.7392300000001,0.23833711396518506,1. Resto país
AR-F,La Rioja,2007,98.4027,1117.0848,1215.4875000000002,0.08095739363835497,3. La Rioja
AR-M,Mendoza,2007,1183.39,2265.3827,3448.7727000000004,0.3431336602728269,1. Resto país
AR-N,Misiones,2007,499.51000000000005,1857.6626,2357.1726000000003,0.21191065940610374,1. Resto país
AR-Q,Neuquén,2007,786.53828,989.0494,1775.58768,0.44297349483749515,1. Resto país
AR-R,Río Negro,2007,472.37,1370.3148,1842.6848,0.25634877978045945,1. Resto país
AR-A,Salta,2007,614.721,2125.8388999999997,2740.5598999999997,0.2243048947771585,2. NOA-Resto
AR-J,San Juan,2007,307.41048,1790.2096999999999,2097.62018,0.1465520225878071,1. Resto país
AR-D,San Luis,2007,351.6903,1228.0356000000002,1579.7259000000001,0.2226274190984651,1. Resto país
AR-Z,Santa Cruz,2007,438.09552999999994,919.365,1357.4605299999998,0.3227316892963363,1. Resto país
AR-S,Santa Fe,2007,2359.2490000000003,4856.2727,7215.521700000001,0.3269685960476011,1. Resto país
AR-G,Santiago del Estero,2007,238.213,2224.3651,2462.5781,0.09673317569095574,2. NOA-Resto
AR-V,Tierra del Fuego,2007,282.92001,696.315,979.2350100000001,0.28891941884308237,1. Resto país
AR-T,Tucumán,2007,837.70001,2573.9187,3411.61871,0.2455432688138822,2. NOA-Resto
AR-B,Buenos Aires,2008,17741.649999999998,13798.025800000001,31539.675799999997,0.56251846444154,1. Resto país
AR-C,CABA,2008,10618.252,1336.7356000000002,11954.9876,0.8881859484321004,1. Resto país
AR-K,Catamarca,2008,207.33223,1826.1209,2033.4531299999999,0.10196066333724645,2. NOA-Resto
AR-H,Chaco,2008,486.57014999999996,3376.5451000000003,3863.1152500000003,0.12595279159740314,1. Resto país
AR-U,Chubut,2008,661.44082,1150.1367,1811.57752,0.36511869500345756,1. Resto país
AR-W,Corrientes,2008,357.1,2595.1623,2952.2623,0.12095808695589143,1. Resto país
AR-X,Córdoba,2008,2913.6279799999998,5996.5601,8910.18808,0.3269996047041916,1. Resto país
AR-E,Entre Ríos,2008,955.6799999999998,3313.1742999999997,4268.854299999999,0.2238727145126504,1. Resto país
AR-P,Formosa,2008,162.66415,2449.9471000000003,2612.6112500000004,0.062261138162059124,1. Resto país
AR-Y,Jujuy,2008,229.14119,1956.7233999999999,2185.8645899999997,0.10482862984664573,2. NOA-Resto
AR-L,La Pampa,2008,410.41133730249993,1279.7383,1690.1496373025,0.24282544470886114,1. Resto país
AR-F,La Rioja,2008,122.01074000000001,1399.7326,1521.74334,0.08017826448972665,3. La Rioja
AR-M,Mendoza,2008,1517.09177,2847.8068,4364.898569999999,0.3475663284427707,1. Resto país
AR-N,Misiones,2008,709.1800000000001,2339.1454,3048.3253999999997,0.23264576675442855,1. Resto país
AR-Q,Neuquén,2008,978.6430300000001,1240.5431999999998,2219.18623,0.44099184501518834,1. Resto país
AR-R,Río Negro,2008,584.62197,1720.7265,2305.34847,0.25359375279174173,1. Resto país
AR-A,Salta,2008,709.2560000000001,2672.5691,3381.8251,0.20972580752328088,2. NOA-Resto
AR-J,San Juan,2008,394.45182000000005,2253.9348,2648.38662,0.14894042169719163,1. Resto país
AR-D,San Luis,2008,432.78608,1547.5043999999998,1980.29048,0.21854676592698666,1. Resto país
AR-Z,Santa Cruz,2008,554.0095,1138.7111,1692.7206,0.32728939436313353,1. Resto país
AR-S,Santa Fe,2008,3010.1606399999996,6115.3213,9125.48194,0.32986319624451527,1. Resto país
AR-G,Santiago del Estero,2008,323.78173,2804.7387000000003,3128.5204300000005,0.10349356420856103,2. NOA-Resto
AR-V,Tierra del Fuego,2008,329.50499,868.264,1197.76899,0.27509894875471774,1. Resto país
AR-T,Tucumán,2008,1062.74248,3239.7727999999997,4302.51528,0.24700492870765586,2. NOA-Resto
AR-B,Buenos Aires,2009,21135.75,15090.837800000001,36226.5878,0.5834319841737896,1. Resto país
AR-C,CABA,2009,12562.63634,1459.3966,14022.03294,0.895921183023551,1. Resto país
AR-K,Catamarca,2009,232.09199999999998,1996.8083000000001,2228.9003000000002,0.10412847986067388,2. NOA-Resto
AR-H,Chaco,2009,525.45391,3686.1745,4211.62841,0.12476264732956342,1. Resto país
AR-U,Chubut,2009,666.4203100000001,1256.5497,1922.97001,0.3465578280131369,1. Resto país
AR-W,Corrientes,2009,388.66,2838.6387,3227.2987,0.12042888995679267,1. Resto país
AR-X,Córdoba,2009,3854.8891999999996,6542.3115,10397.2007,0.3707622187191212,1. Resto país
AR-E,Entre Ríos,2009,1054.9199999999998,3615.6585,4670.5785,0.2258649544162463,1. Resto país
AR-P,Formosa,2009,175.26729999999998,2680.4698,2855.7371,0.06137375180649507,1. Resto país
AR-Y,Jujuy,2009,288.88,2135.9442999999997,2424.8242999999998,0.11913440491337868,2. NOA-Resto
AR-L,La Pampa,2009,425.49417624,1397.6065,1823.1006762400002,0.23339038912406518,1. Resto país
AR-F,La Rioja,2009,130.47550999999999,1529.0145,1659.49001,0.0786238598688521,3. La Rioja
AR-M,Mendoza,2009,1588.7300000000002,3107.349,4696.079000000001,0.33830989640506476,1. Resto país
AR-N,Misiones,2009,692.04,2552.8872,3244.9272,0.21326826685048586,1. Resto país
AR-Q,Neuquén,2009,984.9746220000001,1361.6283,2346.602922,0.41974490561040906,1. Resto país
AR-R,Río Negro,2009,662.3641399999999,1884.8628999999999,2547.2270399999998,0.260033412647818,1. Resto país
AR-A,Salta,2009,766.30126,2916.505,3682.8062600000003,0.20807536587602082,2. NOA-Resto
AR-J,San Juan,2009,449.333,2462.9642999999996,2912.2972999999997,0.15428816281909133,1. Resto país
AR-D,San Luis,2009,448.06703,1692.0094,2140.07643,0.20936963919554966,1. Resto país
AR-Z,Santa Cruz,2009,529.95213,1251.1778,1781.12993,0.297537041556536,1. Resto país
AR-S,Santa Fe,2009,3387.21433,6662.4901,10049.70443,0.33704616425221573,1. Resto país
AR-G,Santiago del Estero,2009,361.36733000000004,3066.2622,3427.62953,0.1054277677436161,2. NOA-Resto
AR-V,Tierra del Fuego,2009,309.30746,951.4485999999999,1260.75606,0.24533489848940326,1. Resto país
AR-T,Tucumán,2009,1329.07701,3532.1281,4861.20511,0.27340484096545353,2. NOA-Resto
AR-B,Buenos Aires,2010,26413.436999999998,19946.9441,46360.3811,0.5697415848033225,1. Resto país
AR-C,CABA,2010,16362.977078200001,1963.4948,18326.471878200002,0.8928601853619382,1. Resto país
AR-K,Catamarca,2010,321.08500000000004,2681.0185,3002.1035,0.10695334121558435,2. NOA-Resto
AR-H,Chaco,2010,710.9364799999998,4979.7437,5690.680179999999,0.12492996575323267,1. Resto país
AR-U,Chubut,2010,880.3826300000002,1678.1028000000001,2558.48543,0.3441030461525826,1. Resto país
AR-W,Corrientes,2010,531.68,3821.4671000000003,4353.1471,0.12213692480091011,1. Resto país
AR-X,Córdoba,2010,5204.337390000001,8820.787699999999,14025.12509,0.37107244011040763,1. Resto país
AR-E,Entre Ríos,2010,1383.3600000000001,4864.9312,6248.2912,0.22139813202047948,1. Resto país
AR-P,Formosa,2010,234.25069000000002,3609.7245,3843.9751899999997,0.06093969872890882,1. Resto país
AR-Y,Jujuy,2010,363.17,2869.7835,3232.9535,0.11233381488474857,2. NOA-Resto
AR-L,La Pampa,2010,559.6102635999999,1874.8348999999998,2434.4451636,0.2298717884334932,1. Resto país
AR-F,La Rioja,2010,161.89999999999998,2049.5606000000002,2211.4606000000003,0.07320953400661985,3. La Rioja
AR-M,Mendoza,2010,1968.8,4179.9682999999995,6148.7683,0.32019420865151155,1. Resto país
AR-N,Misiones,2010,911.0500000000002,3431.7061,4342.7561000000005,0.20978613097797505,1. Resto país
AR-Q,Neuquén,2010,1386.7610599999998,1824.6547,3211.41576,0.43182233744783016,1. Resto país
AR-R,Río Negro,2010,849.31555,2536.4011,3385.7166500000003,0.25085251891944355,1. Resto país
AR-A,Salta,2010,992.1590700000002,3931.6234,4923.78247,0.20150343278670477,2. NOA-Resto
AR-J,San Juan,2010,619.1627,3315.5038999999997,3934.6665999999996,0.15736090574993064,1. Resto país
AR-D,San Luis,2010,646.4047899999999,2274.2067,2920.6114900000002,0.22132515475380804,1. Resto país
AR-Z,Santa Cruz,2010,691.4154,1653.8181000000002,2345.2335000000003,0.29481729644404275,1. Resto país
AR-S,Santa Fe,2010,4986.67047,8967.9504,13954.620869999999,0.3573490470615703,1. Resto país
AR-G,Santiago del Estero,2010,453.332,4133.1254,4586.4574,0.09884142824481483,2. NOA-Resto
AR-V,Tierra del Fuego,2010,398.2240000000001,1266.1646,1664.3886000000002,0.2392614320958459,1. Resto país
AR-T,Tucumán,2010,1693.4159899999997,4759.1855,6452.601489999999,0.2624392646321631,2. NOA-Resto
AR-B,Buenos Aires,2011,35193.1,26016.2535,61209.3535,0.5749627791772053,1. Resto país
AR-C,CABA,2011,21623.795,2600.3685,24224.1635,0.8926539403517484,1. Resto país
AR-K,Catamarca,2011,474.6067,3553.7895,4028.3961999999997,0.11781529830655685,2. NOA-Resto
AR-H,Chaco,2011,1120.28523,6635.2738,7755.55903,0.14444932024455237,1. Resto país
AR-U,Chubut,2011,1261.9944900000003,2210.4082999999996,3472.40279,0.36343551319402095,1. Resto país
AR-W,Corrientes,2011,797.2800000000001,5077.6274,5874.9074,0.1357093730532672,1. Resto país
AR-X,Córdoba,2011,7028.589000000001,11725.4409,18754.0299,0.3747775298150719,1. Resto país
AR-E,Entre Ríos,2011,1954.3899999999999,6457.1552,8411.5452,0.2323461330267832,1. Resto país
AR-P,Formosa,2011,360.76806,4795.5126,5156.28066,0.06996672287423547,1. Resto país
AR-Y,Jujuy,2011,506.53999999999996,3807.3664,4313.9064,0.11742025742607674,2. NOA-Resto
AR-L,La Pampa,2011,801.9198000000001,2472.223,3274.1428,0.24492511444522216,1. Resto país
AR-F,La Rioja,2011,223.60332999999997,2711.9202,2935.52353,0.07617153387286935,3. La Rioja
AR-M,Mendoza,2011,2912.32,5548.0739,8460.393900000001,0.34422983544536856,1. Resto país
AR-N,Misiones,2011,1308.135,4556.0770999999995,5864.2121,0.22307088790325302,1. Resto país
AR-Q,Neuquén,2011,2004.42804,2414.7457999999997,4419.1738399999995,0.4535752863707213,1. Resto país
AR-R,Río Negro,2011,1104.01896,3361.9793,4465.99826,0.247205416510843,1. Resto país
AR-A,Salta,2011,1397.14294,5223.9497,6621.09264,0.21101395433730105,2. NOA-Resto
AR-J,San Juan,2011,880.49,4403.1212000000005,5283.6112,0.16664549427861006,1. Resto país
AR-D,San Luis,2011,867.18412,3013.4387,3880.62282,0.22346519108497126,1. Resto país
AR-Z,Santa Cruz,2011,937.72478,2166.4227,3104.14748,0.3020877023536266,1. Resto país
AR-S,Santa Fe,2011,6605.96083,11905.144900000001,18511.105730000003,0.35686473441151906,1. Resto país
AR-G,Santiago del Estero,2011,665.08056,5487.5408,6152.62136,0.10809710545880236,2. NOA-Resto
AR-V,Tierra del Fuego,2011,572.27072,1663.253,2235.52372,0.2559895539824556,1. Resto país
AR-T,Tucumán,2011,2300.44785,6325.4015,8625.84935,0.26669232868065335,2. NOA-Resto
AR-B,Buenos Aires,2012,46127.68,32749.8802,78877.5602,0.5848010496653266,1. Resto país
AR-C,CABA,2012,27950.54149337,3297.1934,31247.73489337,0.8944821629071238,1. Resto país
AR-K,Catamarca,2012,543.55598,4517.3072,5060.86318,0.1074038085337055,2. NOA-Resto
AR-H,Chaco,2012,1294.41893,8451.2557,9745.67463,0.13281983845586276,1. Resto país
AR-U,Chubut,2012,1591.75287,2810.7376,4402.49047,0.3615573686863654,1. Resto país
AR-W,Corrientes,2012,1009.49,6462.1632,7471.6532,0.13510932225815836,1. Resto país
AR-X,Córdoba,2012,8714.8229999999985,14902.2465,23617.069499999998,0.3690052654500593,1. Resto país
AR-E,Entre Ríos,2012,2834.66,8202.3609,11037.0209,0.25683198624730336,1. Resto país
AR-P,Formosa,2012,438.90155,6101.541,6540.44255,0.0671057878185934,1. Resto país
AR-Y,Jujuy,2012,629.3026400000001,4839.8033,5469.1059399999995,0.1150649936029581,2. NOA-Resto
AR-L,La Pampa,2012,989.68648212,3139.3621000000003,4129.04858212,0.23968874728324457,1. Resto país
AR-F,La Rioja,2012,311.37532,3445.1285,3756.50382,0.08288965882111095,3. La Rioja
AR-M,Mendoza,2012,4555.4800000000005,7059.6266,11615.1066,0.3922030298025849,1. Resto país
AR-N,Misiones,2012,1841.5889,5800.2252,7641.8141,0.24098844540068046,1. Resto país
AR-Q,Neuquén,2012,2596.4086899999998,3075.9274,5672.33609,0.4577318143361283,1. Resto país
AR-R,Río Negro,2012,1468.4197900000001,4281.8855,5750.30529,0.25536379651940183,1. Resto país
AR-A,Salta,2012,1686.36317,6646.233,8332.59617,0.20238148298503225,2. NOA-Resto
AR-J,San Juan,2012,1168.2712999999999,5595.419400000001,6763.690700000001,0.17272689598298746,1. Resto país
AR-D,San Luis,2012,1115.08747,3858.5647000000004,4973.65217,0.22419892503258826,1. Resto país
AR-Z,Santa Cruz,2012,1319.7873200000001,2748.3608,4068.14812,0.32441968214274364,1. Resto país
AR-S,Santa Fe,2012,8208.75024,15100.153400000001,23308.90364,0.35217230148539064,1. Resto país
AR-G,Santiago del Estero,2012,854.76102,6987.7898,7842.5508199999995,0.10899017929475147,2. NOA-Resto
AR-V,Tierra del Fuego,2012,744.02122,2112.6983,2856.71952,0.26044601676541207,1. Resto país
AR-T,Tucumán,2012,3223.4142500000003,8049.0739,11272.488150000001,0.285954104107885,2. NOA-Resto
AR-B,Buenos Aires,2013,67632.40000000001,42348.3972,109980.7972,0.6149473519182675,1. Resto país
AR-C,CABA,2013,40468.42309,4284.222900000001,44752.64599,0.90426883583694,1. Resto país
AR-K,Catamarca,2013,707.09414,5886.897599999999,6593.9917399999995,0.10723309459286647,2. NOA-Resto
AR-H,Chaco,2013,1980.6558699999998,11044.3805,13025.03637,0.15206528517355686,1. Resto país
AR-U,Chubut,2013,2267.2577899999997,3648.9857,5916.24349,0.38322590911483934,1. Resto país
AR-W,Corrientes,2013,1310.916,8435.8017,9746.7177,0.13449820137911658,1. Resto país
AR-X,Córdoba,2013,12646.747000000001,19449.125600000003,32095.872600000002,0.3940303215186616,1. Resto país
AR-E,Entre Ríos,2013,3935.3199999999997,10729.3989,14664.7189,0.2683529106036939,1. Resto país
AR-P,Formosa,2013,617.00195,7968.9783,8585.98025,0.07186156175935764,1. Resto país
AR-Y,Jujuy,2013,951.14,6299.2684,7250.4084,0.13118433438866697,2. NOA-Resto
AR-L,La Pampa,2013,1379.56474607,4077.2758,5456.84054607,0.25281382778603606,1. Resto país
AR-F,La Rioja,2013,408.84499999999997,4487.0369,4895.8819,0.08350793755870621,3. La Rioja
AR-M,Mendoza,2013,6957.9400000000005,9199.6541,16157.5941,0.430629706188745,1. Resto país
AR-N,Misiones,2013,2438.5313500000007,7565.9366,10004.46795,0.2437442312961781,1. Resto país
AR-Q,Neuquén,2013,3854.054022,4005.3597,7859.413721999999,0.4903742388839726,1. Resto país
AR-R,Río Negro,2013,2154.72528,5581.8099,7736.535180000001,0.27851295571824697,1. Resto país
AR-A,Salta,2013,2241.0047400000003,8674.720800000001,10915.725540000001,0.20530057592488718,2. NOA-Resto
AR-J,San Juan,2013,1650.2381500000001,7295.7696,8946.00775,0.18446643420356976,1. Resto país
AR-D,San Luis,2013,1545.86769822,5004.745400000001,6550.613098220001,0.2359882464497955,1. Resto país
AR-Z,Santa Cruz,2013,1963.53382,3564.1013,5527.63512,0.3552213156935004,1. Resto país
AR-S,Santa Fe,2013,11545.97422,19710.501,31256.47522,0.36939463387132365,1. Resto país
AR-G,Santiago del Estero,2013,1137.38686,9114.4189,10251.805760000001,0.11094502633260972,2. NOA-Resto
AR-V,Tierra del Fuego,2013,1316.6654600000002,2740.4728,4057.13826,0.3245305867392353,1. Resto país
AR-T,Tucumán,2013,4451.97832,10503.1775,14955.15582,0.2976885278618247,2. NOA-Resto
AR-B,Buenos Aires,2014,89532.01,57364.969,146896.979,0.6094884361100442,1. Resto país
AR-C,CABA,2014,54441.598880000005,5846.906440000001,60288.505320000004,0.903017890243493,1. Resto país
AR-K,Catamarca,2014,1039.16358,8090.176780000001,9129.34036,0.113826797887071,2. NOA-Resto
AR-H,Chaco,2014,2872.35888417,15227.356039999999,18099.71492417,0.15869636047882218,1. Resto país
AR-U,Chubut,2014,3478.86867,5000.566769999999,8479.43544,0.4102712609366833,1. Resto país
AR-W,Corrientes,2014,1973.0508,11624.852939999999,13597.903739999998,0.14509962989339417,1. Resto país
AR-X,Córdoba,2014,17887.07019,26756.81913,44643.88932,0.40066110866345994,1. Resto país
AR-E,Entre Ríos,2014,6258.85,14756.33681,21015.18681,0.2978250946130895,1. Resto país
AR-P,Formosa,2014,868.3545000000001,10964.546849999999,11832.901349999998,0.07338474937932278,1. Resto país
AR-Y,Jujuy,2014,1358.67,8665.00983,10023.679830000001,0.13554602930688378,2. NOA-Resto
AR-L,La Pampa,2014,1855.7722256300003,5594.57548,7450.347705630001,0.2490853177533781,1. Resto país
AR-F,La Rioja,2014,602.06,6161.02033,6763.080330000001,0.08902156571013255,3. La Rioja
AR-M,Mendoza,2014,9763.42,12671.399449999999,22434.81945,0.4351904869018235,1. Resto país
AR-N,Misiones,2014,4494.035800000001,10422.671550000001,14916.70735,0.30127532132619067,1. Resto país
AR-Q,Neuquén,2014,5943.06852,5502.60538,11445.6739,0.5192414681672872,1. Resto país
AR-R,Río Negro,2014,3297.64384,7677.14926,10974.7931,0.3004743515392559,1. Resto país
AR-A,Salta,2014,3210.76,11960.501330000001,15171.261330000001,0.2116343480057897,2. NOA-Resto
AR-J,San Juan,2014,2050.67451,10044.134390000001,12094.8089,0.16954997197185975,1. Resto país
AR-D,San Luis,2014,2288.3091095,6854.25926,9142.5683695,0.2502917142117194,1. Resto país
AR-Z,Santa Cruz,2014,3043.2161699999997,4875.88126,7919.09743,0.38428825972911407,1. Resto país
AR-S,Santa Fe,2014,15755.40635,27097.1989,42852.60525,0.3676650756257112,1. Resto país
AR-G,Santiago del Estero,2014,1529.6518999999998,12571.59577,14101.24767,0.10847635158229937,2. NOA-Resto
AR-V,Tierra del Fuego,2014,1883.6611299999997,3753.74193,5637.40306,0.33413632304659086,1. Resto país
AR-T,Tucumán,2014,5942.270999999999,14466.90966,20409.180659999998,0.29115676415400005,2. NOA-Resto
AR-B,Buenos Aires,2015,118777.65999999999,77569.06511306998,196346.72511307,0.6049383300465012,1. Resto país
AR-C,CABA,2015,69020.819411,7974.903399999999,76995.722811,0.8964240725478239,1. Resto país
AR-K,Catamarca,2015,1335.290729,11039.273720439998,12374.564449439998,0.1079060789941926,2. NOA-Resto
AR-H,Chaco,2015,3692.7884,20835.438042989997,24528.22644299,0.15055260552910354,1. Resto país
AR-U,Chubut,2015,4792.600157,6809.60333408,11602.20349108,0.41307671949424474,1. Resto país
AR-W,Corrientes,2015,2766.14,15851.461171489997,18617.601171489998,0.1485766063264863,1. Resto país
AR-X,Córdoba,2015,23004.827,36908.39741306999,59913.22441307,0.3839691024037345,1. Resto país
AR-E,Entre Ríos,2015,7708.64292568,20101.842822450006,27810.485748130006,0.2771847638870649,1. Resto país
AR-P,Formosa,2015,1252.62072159,15025.41414126,16278.03486285,0.07695159349048647,1. Resto país
AR-Y,Jujuy,2015,1872.77723396,11786.253040369998,13659.030274329998,0.13710909166660173,2. NOA-Resto
AR-L,La Pampa,2015,2441.12479835,7598.4744272200005,10039.59922557,0.24314962614569954,1. Resto país
AR-F,La Rioja,2015,925.0787965699999,8434.07602664,9359.15482321,0.09884212987650061,3. La Rioja
AR-M,Mendoza,2015,12396.690000000002,17282.573882489996,29679.26388249,0.4176885939315271,1. Resto país
AR-N,Misiones,2015,6122.818609909999,14286.158850530002,20408.97746044,0.30000614297204464,1. Resto país
AR-Q,Neuquén,2015,7790.839763,7506.124616020002,15296.964379020003,0.5093062629919727,1. Resto país
AR-R,Río Negro,2015,4263.71315328,10457.950825520002,14721.663978800003,0.2896216867481814,1. Resto país
AR-A,Salta,2015,4360.75,16499.326235459997,20860.076235459997,0.20904765403432088,2. NOA-Resto
AR-J,San Juan,2015,2610.052520999999,13746.337388990003,16356.389909990003,0.15957387512545515,1. Resto país
AR-D,San Luis,2015,2960.43804368,9479.569144140001,12440.007187820001,0.23797719719796964,1. Resto país
AR-Z,Santa Cruz,2015,3589.1818544199996,6667.997231539999,10257.179085959999,0.3499190005693537,1. Resto país
AR-S,Santa Fe,2015,20792.75858,37458.16561307,58250.92419307,0.35695156545642714,1. Resto país
AR-G,Santiago del Estero,2015,2082.11289738,17221.877676843003,19303.990574223004,0.10785919571263602,2. NOA-Resto
AR-V,Tierra del Fuego,2015,2507.405289,5125.8892383699995,7633.294527369999,0.32848271215127733,1. Resto país
AR-T,Tucumán,2015,7838.954999999999,19756.623865650003,27595.57886565,0.28406561203750114,2. NOA-Resto
AR-B,Buenos Aires,2016,159221.44404861,101168.49171178999,260389.93576039997,0.6114731108314377,1. Resto país
AR-C,CABA,2016,93836.43300506001,27881.846899999993,121718.27990506,0.7709313102210468,1. Resto país
AR-K,Catamarca,2016,1808.2051135199997,14157.641184659995,15965.846298179995,0.11325457352837749,2. NOA-Resto
AR-H,Chaco,2016,5124.590440000001,26652.716481429998,31777.306921429998,0.16126572502417053,1. Resto país
AR-U,Chubut,2016,5437.3261645699995,8706.82294383,14144.1491084,0.3844222881771553,1. Resto país
AR-W,Corrientes,2016,3724.6000000000004,20242.165802299995,23966.765802299997,0.1554068676067492,1. Resto país
AR-X,Córdoba,2016,30885.782945000003,51826.91318551,82712.69613051,0.37341042415382286,1. Resto país
AR-E,Entre Ríos,2016,10400.48,25744.77874661,36145.25874661,0.28774119651240404,1. Resto país
AR-P,Formosa,2016,1559.0068123000003,19232.847211839995,20791.854024139997,0.0749816159006284,1. Resto país
AR-Y,Jujuy,2016,2527.58474742,15076.151117169999,17603.73586459,0.1435822922396972,2. NOA-Resto
AR-L,La Pampa,2016,3830.22207362,9760.058641340005,13590.280714960005,0.28183539059673296,1. Resto país
AR-F,La Rioja,2016,1240.0137843100001,10812.71565156,12052.72943587,0.10288240443028683,3. La Rioja
AR-M,Mendoza,2016,16498.522973,22097.20192057,38595.724893570004,0.42747021900730336,1. Resto país
AR-N,Misiones,2016,7684.390000000001,18229.180197210004,25913.570197210007,0.296539224102256,1. Resto país
AR-Q,Neuquén,2016,11047.021187,9601.28354487,20648.30473187,0.5350086280908706,1. Resto país
AR-R,Río Negro,2016,5914.765695093,13402.589742069998,19317.355437162998,0.30618920453853077,1. Resto país
AR-A,Salta,2016,5961.82332064,21026.84598245,26988.66930309,0.22090097343026158,2. NOA-Resto
AR-J,San Juan,2016,3326.865238,17625.964234509996,20952.829472509995,0.15877880561977703,1. Resto país
AR-D,San Luis,2016,3930.73248398,13650.094601679999,17580.82708566,0.22358063501950634,1. Resto país
AR-Z,Santa Cruz,2016,4703.68595388,8535.296157229997,13238.982111109997,0.35529060424764247,1. Resto país
AR-S,Santa Fe,2016,30056.67825,53864.50668550998,83921.18493550998,0.3581536446738369,1. Resto país
AR-G,Santiago del Estero,2016,2768.496984773,22017.72176427,24786.218749043,0.11169501136109726,2. NOA-Resto
AR-V,Tierra del Fuego,2016,3295.8417681399997,6571.743603270001,9867.585371410001,0.33400691700010593,1. Resto país
AR-T,Tucumán,2016,10688.666000000001,25253.857999360003,35942.523999360004,0.29738217605948664,2. NOA-Resto
AR-B,Buenos Aires,2017,219922.06,137287.17549673,357209.23549672996,0.6156673404431428,1. Resto país
AR-C,CABA,2017,128965.94572381998,38047.9115,167013.85722382,0.7721870979303775,1. Resto país
AR-K,Catamarca,2017,2550.42105192,19081.152146840002,21631.57319876,0.11790270769886488,2. NOA-Resto
AR-H,Chaco,2017,7199.06029,35873.90384316001,43072.964133160014,0.16713640295903748,1. Resto país
AR-U,Chubut,2017,7419.855707930001,11702.893610029998,19122.74931796,0.3880119738306304,1. Resto país
AR-W,Corrientes,2017,4983.389999999999,27236.52431531,32219.914315309998,0.15466800908381165,1. Resto país
AR-X,Córdoba,2017,42690.49583445944,67999.11722300999,110689.61305746943,0.38567752343930206,1. Resto país
AR-E,Entre Ríos,2017,14545.620000000003,34551.072245790005,49096.69224579001,0.29626476519397854,1. Resto país
AR-P,Formosa,2017,2230.9923390099993,25917.801996630005,28148.794335640006,0.0792571188807641,1. Resto país
AR-Y,Jujuy,2017,3685.1806431800005,20296.580879009995,23981.761522189994,0.1536659698567244,2. NOA-Resto
AR-L,La Pampa,2017,5365.10336388,13058.0879052,18423.19126908,0.2912146590414201,1. Resto país
AR-F,La Rioja,2017,1613.8304322,14563.19546668,16177.02589888,0.09976063846888765,3. La Rioja
AR-M,Mendoza,2017,22336.309999999998,29755.69446891,52092.004468909996,0.42878576525752526,1. Resto país
AR-N,Misiones,2017,9921.720000000001,24523.88163283,34445.60163283,0.2880402585433038,1. Resto país
AR-Q,Neuquén,2017,13426.22325805,12942.103736579998,26368.32699463,0.5091799438312601,1. Resto país
AR-R,Río Negro,2017,7826.29541849,18086.254508399994,25912.549926889995,0.30202722003705584,1. Resto país
AR-A,Salta,2017,8081.68328414,28235.553519759993,36317.23680389999,0.22253023620101334,2. NOA-Resto
AR-J,San Juan,2017,4535.1268549999995,23764.195143160003,28299.32199816,0.1602556716834018,1. Resto país
AR-D,San Luis,2017,5464.473927769999,17592.449993529997,23056.923921299996,0.23699926089108164,1. Resto país
AR-Z,Santa Cruz,2017,6109.942477584,11472.254932379996,17582.197409963996,0.34750733000651207,1. Resto país
AR-S,Santa Fe,2017,39452.26292747946,70136.47892301003,109588.74185048949,0.3600028822422624,1. Resto país
AR-G,Santiago del Estero,2017,3931.92,29642.895112720005,33574.81511272,0.11710920780351135,2. NOA-Resto
AR-V,Tierra del Fuego,2017,4153.0599999999995,8865.25773049,13018.31773049,0.3190166414722835,1. Resto país
AR-T,Tucumán,2017,14310.86991195118,33992.423687140006,48303.29359909119,0.2962710996630763,2. NOA-Resto
AR-B,Buenos Aires,2018,276461.39876714995,215057.65036374002,491519.04913088994,0.5624632438071168,1. Resto país
AR-C,CABA,2018,174495.5359745,57470.0235,231965.5594745,0.7522476024880853,1. Resto país
AR-K,Catamarca,2018,3225.01044818,26793.88637879,30018.89682697,0.10743267704902934,2. NOA-Resto
AR-H,Chaco,2018,8876.03,50171.605077550004,59047.63507755,0.15031982209520667,1. Resto país
AR-U,Chubut,2018,10872.0917888,16258.15558352,27130.247372320002,0.4007369206626696,1. Resto país
AR-W,Corrientes,2018,6542.28784727,37991.51170902,44533.79955629,0.14690612326937552,1. Resto país
AR-X,Córdoba,2018,56351.45948900001,93018.84027271999,149370.29976172,0.3772601352403627,1. Resto país
AR-E,Entre Ríos,2018,18853.03,48465.92345037,67318.95345037,0.2800553043935709,1. Resto país
AR-P,Formosa,2018,2879.7541687500006,36197.89862853001,39077.65279728001,0.0736931203030302,1. Resto país
AR-Y,Jujuy,2018,4855.99963529,28411.592049169998,33267.59168446,0.14596787412051654,2. NOA-Resto
AR-L,La Pampa,2018,7215.496145859999,18368.55535551,25584.05150137,0.28203102020309867,1. Resto país
AR-F,La Rioja,2018,2267.6563319700003,20393.162396919994,22660.818728889994,0.10006947935552715,3. La Rioja
AR-M,Mendoza,2018,28824.45012926,41605.82013309001,70430.27026235001,0.4092622394020362,1. Resto país
AR-N,Misiones,2018,13258.396616860004,34092.65038723,47351.04700409,0.28000218486646755,1. Resto país
AR-Q,Neuquén,2018,23586.884797000002,17933.291890980003,41520.176687980005,0.5680824764849411,1. Resto país
AR-R,Río Negro,2018,11282.53204043,25241.50295756,36524.03499799,0.30890705369904786,1. Resto país
AR-A,Salta,2018,13491.672685630001,39430.9211909,52922.59387653,0.2549321886434077,2. NOA-Resto
AR-J,San Juan,2018,6006.66071083,33303.31564660001,39309.97635743001,0.15280245035544715,1. Resto país
AR-D,San Luis,2018,7288.23734781,23682.842924820005,30971.080272630003,0.23532396298913785,1. Resto país
AR-Z,Santa Cruz,2018,8278.322951276,15948.643535910001,24226.966487186,0.34169869990345375,1. Resto país
AR-S,Santa Fe,2018,52679.45999999999,95550.6481719842,148230.1081719842,0.35538974267547974,1. Resto país
AR-G,Santiago del Estero,2018,5067.931375607799,41426.38333043,46494.314706037796,0.10900109847085611,2. NOA-Resto
AR-V,Tierra del Fuego,2018,6009.759999999998,12344.139480109998,18353.899480109998,0.3274377745455529,1. Resto país
AR-T,Tucumán,2018,19480.187,47589.92662264,67070.11362264,0.2904451170248849,2. NOA-Resto
AR-B,Buenos Aires,2019,367062.007616617,361993.31819778995,729055.325814407,0.5034762035468056,1. Resto país
AR-C,CABA,2019,235476.32763014,84796.45076,320272.77839014004,0.7352367841368481,1. Resto país
AR-K,Catamarca,2019,4688.332598970001,39722.52444365001,44410.85704262001,0.10556726240321647,2. NOA-Resto
AR-H,Chaco,2019,11068.414102520002,74425.72868583997,85494.14278835998,0.12946400468532407,1. Resto país
AR-U,Chubut,2019,15471.760218829999,24093.985549819994,39565.74576864999,0.39103926687738777,1. Resto país
AR-W,Corrientes,2019,8759.16,56352.96155393001,65112.12155393,0.1345242604749886,1. Resto país
AR-X,Córdoba,2019,74734.34544950003,133847.12545285004,208581.4709023501,0.3582981034997486,1. Resto país
AR-E,Entre Ríos,2019,27240.449999999997,71772.12172591001,99012.57172591,0.27512112376404024,1. Resto país
AR-P,Formosa,2019,3747.54311208,53773.436794589994,57520.97990666999,0.06515089134713166,1. Resto país
AR-Y,Jujuy,2019,6369.65681313,42113.387013639986,48483.04382676999,0.1313790618404405,2. NOA-Resto
AR-L,La Pampa,2019,10387.516316449999,27931.80032685,38319.3166433,0.27107780687070837,1. Resto país
AR-F,La Rioja,2019,2934.2862434700005,30161.098503879988,33095.38474734999,0.08866149361520731,3. La Rioja
AR-M,Mendoza,2019,39180.93000000001,61650.060520620005,100830.99052062002,0.38858023508147005,1. Resto país
AR-N,Misiones,2019,18933.48875341,50613.063471329995,69546.55222474,0.272241946548642,1. Resto país
AR-Q,Neuquén,2019,37120.63881108,26556.48314048,63677.12195156,0.5829509511959122,1. Resto país
AR-R,Río Negro,2019,15746.3669947,37356.267791629994,53102.634786329996,0.2965270378401925,1. Resto país
AR-A,Salta,2019,18211.95123922,58496.826501309995,76708.77774053,0.237416783002625,2. NOA-Resto
AR-J,San Juan,2019,8861.36230793,49337.21616513999,58198.57847306999,0.15226080327770178,1. Resto país
AR-D,San Luis,2019,9929.58433584,34082.67408936,44012.2584252,0.22560951632862902,1. Resto país
AR-Z,Santa Cruz,2019,11511.224698279999,23714.073434159996,35225.298132439995,0.32678856698387965,1. Resto país
AR-S,Santa Fe,2019,73426.00000000001,137510.63272124,210936.63272124,0.3480950608377019,1. Resto país
AR-G,Santiago del Estero,2019,7144.5434730313,61401.415847669996,68545.9593207013,0.10422997276330488,2. NOA-Resto
AR-V,Tierra del Fuego,2019,7749.31744956,18274.11547902,26023.43292858,0.2977822899395176,1. Resto país
AR-T,Tucumán,2019,26692.274,70539.07574104,97231.34974104,0.27452333091220643,2. NOA-Resto
AR-B,Buenos Aires,2020,466666.2063885421,501534.0485474501,968200.2549359922,0.4819934760494289,1. Resto país
AR-C,CABA,2020,314847.3213412269,98140.45227,412987.77361122693,0.7623647513536655,1. Resto país
AR-K,Catamarca,2020,5832.3775205599995,55441.78937034999,61274.16689090998,0.09518493382282497,2. NOA-Resto
AR-H,Chaco,2020,15054.447216538865,103865.84839457,118920.29561110886,0.12659274969993065,1. Resto país
AR-U,Chubut,2020,17831.07801838,33561.80088114,51392.87889952,0.34695620094064317,1. Resto país
AR-W,Corrientes,2020,11716.529999999999,78695.20392109005,90411.73392109005,0.1295908118544215,1. Resto país
AR-X,Córdoba,2020,113144.81859546792,182817.25330245006,295962.071897918,0.3822949943210742,1. Resto país
AR-E,Entre Ríos,2020,35737.380000000005,100679.17620778,136416.55620778,0.26197245402946084,1. Resto país
AR-P,Formosa,2020,4888.945679460001,75054.25570458999,79943.20138404999,0.06115524015573672,1. Resto país
AR-Y,Jujuy,2020,7493.231569470001,58583.98346467101,66077.215034141,0.11340114085616915,2. NOA-Resto
AR-L,La Pampa,2020,14222.86577263174,39015.549828519994,53238.41560115173,0.2671541895458671,1. Resto país
AR-F,La Rioja,2020,3550.75318923,42161.29077974,45712.04396897,0.07767653513022307,3. La Rioja
AR-M,Mendoza,2020,48202.40999999999,85848.11877325998,134050.52877325995,0.35958388557744564,1. Resto país
AR-N,Misiones,2020,33735.24119854,70315.65404644998,104050.89524498998,0.3242186539492013,1. Resto país
AR-Q,Neuquén,2020,37954.41755397,36871.46552844,74825.88308241,0.5072364800849546,1. Resto país
AR-R,Río Negro,2020,18433.997231999998,51989.659442749995,70423.65667474999,0.2617585922460258,1. Resto país
AR-A,Salta,2020,23345.681587820003,81082.32399158,104428.00557939999,0.2235576697868612,2. NOA-Resto
AR-J,San Juan,2020,11135.553287230003,68789.7517363,79925.30502353,0.13932450159497917,1. Resto país
AR-D,San Luis,2020,12935.131622176295,46196.73678315,59131.8684053263,0.21875059880589134,1. Resto país
AR-Z,Santa Cruz,2020,12527.67947128,33044.37101834999,45572.05048963,0.27489830579667895,1. Resto país
AR-S,Santa Fe,2020,103002.11170191997,188006.48129845,291008.59300036996,0.3539486949163354,1. Resto país
AR-G,Santiago del Estero,2020,9505.827554645128,85401.68467504998,94907.51222969512,0.10015885288025597,2. NOA-Resto
AR-V,Tierra del Fuego,2020,9084.920220119999,25412.09089963,34497.011119749994,0.2633538363246421,1. Resto país
AR-T,Tucumán,2020,36723.684,98156.05587872001,134879.73987872002,0.27226983113268816,2. NOA-Resto
AR-B,Buenos Aires,2021,792679,807270.9527180439,1599949.952718044,0.4954398721368582,1. Resto país
AR-C,CABA,2021,532990.7335255599,75401.12049999999,608391.8540255598,0.8760648749632466,1. Resto país
AR-K,Catamarca,2021,10657.458409569997,90390.13936916665,101047.59777873664,0.10546968600784132,2. NOA-Resto
AR-H,Chaco,2021,27173.399864720002,168941.11210348096,196114.51196820097,0.1385588429535803,1. Resto país
AR-U,Chubut,2021,31479.470386859997,54713.842966052594,86193.31335291259,0.36521940232149414,1. Resto país
AR-W,Corrientes,2021,20408.34,128055.44127501952,148463.78127501952,0.13746342592605043,1. Resto país
AR-X,Córdoba,2021,184432.07946299994,297796.83649404417,482228.9159570441,0.38245752869665894,1. Resto país
AR-E,Entre Ríos,2021,62214.78,164078.49704500422,226293.27704500422,0.2749298645210171,1. Resto país
AR-P,Formosa,2021,9660.96527996,122152.48865550723,131813.45393546723,0.07329271020156852,1. Resto país
AR-Y,Jujuy,2021,15525.684903929998,95404.42951769441,110930.11442162441,0.13995915342627163,2. NOA-Resto
AR-L,La Pampa,2021,24720.59,63701.37078504074,88421.96078504073,0.27957522973390386,1. Resto país
AR-F,La Rioja,2021,7378.624862769999,68804.42959039344,76183.05445316344,0.09685388589015294,3. La Rioja
AR-M,Mendoza,2021,78459.48,139816.01678361412,218275.4967836141,0.359451615761435,1. Resto país
AR-N,Misiones,2021,64519.67369648999,114188.13191740369,178707.80561389367,0.36103444656406153,1. Resto país
AR-Q,Neuquén,2021,68232.23571954,60206.89479689718,128439.13051643717,0.5312418064898679,1. Resto país
AR-R,Río Negro,2021,30009.787700999997,84845.63850217746,114855.42620317746,0.26128315128893564,1. Resto país
AR-A,Salta,2021,41633.486319749994,131661.63917840878,173295.12549815877,0.2402461477209429,2. NOA-Resto
AR-J,San Juan,2021,18986.60030718,112151.673964035,131138.274271215,0.1447830575222659,1. Resto país
AR-D,San Luis,2021,21424.709983856876,75506.2419874144,96930.95197127128,0.2210306362224401,1. Resto país
AR-Z,Santa Cruz,2021,22217.285873579996,53894.22735898266,76111.51323256266,0.2919044035518507,1. Resto país
AR-S,Santa Fe,2021,163187.31000000003,306499.50770804414,469686.8177080442,0.3474385566031294,1. Resto país
AR-G,Santiago del Estero,2021,17349.97412952,139002.32317680746,156352.29730632747,0.11096718390729944,2. NOA-Resto
AR-V,Tierra del Fuego,2021,15578.904641030005,41508.044029254466,57086.94867028447,0.2728978339866903,1. Resto país
AR-T,Tucumán,2021,61032.831088599996,159750.0793465476,220782.91043514758,0.2764382033387846,2. NOA-Resto
AR-B,Buenos Aires,2022,1410575.81949186,1471986.9727116176,2882562.7922034776,0.4893478203864531,1. Resto país
AR-C,CABA,2022,1021321.74660918,141448.1345,1162769.88110918,0.8783524265652023,1. Resto país
AR-K,Catamarca,2022,22132.219999999998,166946.52403459002,189078.74403459002,0.11705292476425132,2. NOA-Resto
AR-H,Chaco,2022,49646.57476603,310889.10470438574,360535.67947041575,0.1377022513803764,1. Resto país
AR-U,Chubut,2022,54360.54955263,99735.07979302552,154095.62934565553,0.35277152105782683,1. Resto país
AR-W,Corrientes,2022,35090.93,234656.06648285102,269746.99648285104,0.13008830666342888,1. Resto país
AR-X,Córdoba,2022,314012.95310781995,548828.2491029343,862841.2022107542,0.36392901996712995,1. Resto país
AR-E,Entre Ríos,2022,99282.18,302145.0880978887,401427.2680978887,0.24732295957480865,1. Resto país
AR-P,Formosa,2022,19104.59317383,224829.3206448612,243933.91381869122,0.07831872524305854,1. Resto país
AR-Y,Jujuy,2022,28087.960580829997,175440.84568010547,203528.80626093547,0.13800484116641276,2. NOA-Resto
AR-L,La Pampa,2022,46250.409271925215,117179.24276605099,163429.6520379762,0.2829988848117843,1. Resto país
AR-F,La Rioja,2022,13755.933265,126616.87358588699,140372.806850887,0.09799571279936317,3. La Rioja
AR-M,Mendoza,2022,140711.60181136,257029.91660471234,397741.51841607236,0.3537764987967974,1. Resto país
AR-N,Misiones,2022,120452.88999999998,209013.3351473435,329466.2251473435,0.36560011559950095,1. Resto país
AR-Q,Neuquén,2022,125400.96728950001,109576.88743731748,234977.8547268175,0.5336714280385686,1. Resto país
AR-R,Río Negro,2022,52775.142103000006,155527.74722114188,208302.8893241419,0.25335770557112225,1. Resto país
AR-A,Salta,2022,76033.80082897,241479.18807016138,317512.98889913136,0.23946674147911687,2. NOA-Resto
AR-J,San Juan,2022,33446.12446082,206560.512815257,240006.637276077,0.13935499801343948,1. Resto país
AR-D,San Luis,2022,38578.829204370086,138782.6419968717,177361.4712012418,0.21751527512193963,1. Resto país
AR-Z,Santa Cruz,2022,39773.88391285001,98529.41695562362,138303.30086847363,0.28758448759422567,1. Resto país
AR-S,Santa Fe,2022,285106.71,564255.2893126174,849361.9993126174,0.335671610256563,1. Resto país
AR-G,Santiago del Estero,2022,29999.9,255750.28713148154,285750.18713148154,0.1049864579308087,2. NOA-Resto
AR-V,Tierra del Fuego,2022,29226.245085939998,75925.22510730494,105151.47019324494,0.2779442363690083,1. Resto país
AR-T,Tucumán,2022,104008.78208273002,294109.90500362683,398118.68708635686,0.2612506909532966,2. NOA-Resto
AR-B,Buenos Aires,2023,3043328.51700594,3237189.3508207276,6280517.867826668,0.4845664929314283,1. Resto país
AR-C,CABA,2023,2638905.43394198,312121.7137,2951027.14764198,0.894232855855155,1. Resto país
AR-K,Catamarca,2023,53057.10829389001,367782.8527859065,420839.96107979654,0.12607431137897504,2. NOA-Resto
AR-H,Chaco,2023,109259.08181641,684239.4379616632,793498.5197780733,0.13769286154052024,1. Resto país
AR-U,Chubut,2023,129964.16462377,218237.46493594258,348201.6295597126,0.3732439873647479,1. Resto país
AR-W,Corrientes,2023,83218.30000000002,515661.9720320035,598880.2720320035,0.13895648911198885,1. Resto país
AR-X,Córdoba,2023,688118.6535119999,1211378.1790164113,1899496.8325284112,0.36226364884012385,1. Resto país
AR-E,Entre Ríos,2023,212624.94,665769.9603993627,878394.9003993627,0.2420607632208816,1. Resto país
AR-P,Formosa,2023,42446.10755749,494631.44945351034,537077.5570110003,0.07903161657641306,1. Resto país
AR-Y,Jujuy,2023,67859.98495044999,385564.8493473132,453424.8342977632,0.14966093565551478,2. NOA-Resto
AR-L,La Pampa,2023,97860.4535847284,257677.60146180776,355538.05504653614,0.2752460733687692,1. Resto país
AR-F,La Rioja,2023,30848.70338807,278344.2707259488,309192.9741140188,0.09977168296422594,3. La Rioja
AR-M,Mendoza,2023,341720.8500000001,565165.5734822259,906886.423482226,0.37680666636057264,1. Resto país
AR-N,Misiones,2023,266311.97541207995,458464.7330151073,724776.7084271873,0.36744002989554436,1. Resto país
AR-Q,Neuquén,2023,316242,239127.11970880206,555369.1197088021,0.569426690785069,1. Resto país
AR-R,Río Negro,2023,121157.009507,340776.58010352345,461933.5896105234,0.2622823112065802,1. Resto país
AR-A,Salta,2023,189198.11704922002,530319.3843519305,719517.5014011505,0.2629513759995908,2. NOA-Resto
AR-J,San Juan,2023,77887.07876045002,454111.5235820396,531998.6023424896,0.14640466801510119,1. Resto país
AR-D,San Luis,2023,92085.70357822998,304524.9501409301,396610.65371916007,0.2321816187102121,1. Resto país
AR-Z,Santa Cruz,2023,91509.36767711,216090.7385283664,307600.1062054764,0.2974945906422473,1. Resto país
AR-S,Santa Fe,2023,628155.74,1245282.9613327286,1873438.7013327286,0.3352955928331906,1. Resto país
AR-G,Santiago del Estero,2023,62591.936213659996,561594.3703159472,624186.3065296072,0.10027765037279147,2. NOA-Resto
AR-V,Tierra del Fuego,2023,70696.72846808,165995.36540202503,236692.09387010502,0.29868648044863666,1. Resto país
AR-T,Tucumán,2023,234119.61000000002,646792.2743711795,880911.8843711795,0.2657696123229412,2. NOA-Resto
AR-B,Buenos Aires,2024,9701952.3,9368302.750632133,19070255.050632134,0.5087479047470004,1. Resto país
AR-C,CABA,2024,6923280.52826668,926655.7684999999,7849936.296766681,0.8819537212191542,1. Resto país
AR-K,Catamarca,2024,161225.65159495999,1086044.9142033043,1247270.5657982642,0.12926277266214017,2. NOA-Resto
AR-H,Chaco,2024,291941.0191584501,2010145.183353577,2302086.202512027,0.12681585026654746,1. Resto país
AR-U,Chubut,2024,398137.42911493004,645727.5803256364,1043865.0094405664,0.38140700714578213,1. Resto país
AR-W,Corrientes,2024,250697.06,1516097.432327324,1766794.492327324,0.1418937296265664,1. Resto país
AR-X,Córdoba,2024,2043053.552725,3565932.8579261336,5608986.410651133,0.3642464793363311,1. Resto país
AR-E,Entre Ríos,2024,619905.36,1959380.9688182555,2579286.3288182556,0.24033987738151597,1. Resto país
AR-P,Formosa,2024,104038.89121127,1456963.3272957702,1561002.2185070403,0.0666487785717396,1. Resto país
AR-Y,Jujuy,2024,189644.56345908,1135512.8803185278,1325157.4437776078,0.1431109671907837,2. NOA-Resto
AR-L,La Pampa,2024,287447.97567492997,762167.5807429575,1049615.5564178876,0.2738602471327008,1. Resto país
AR-F,La Rioja,2024,99814.32829621999,822190.7224962572,922005.0507924771,0.10825789751414928,3. La Rioja
AR-M,Mendoza,2024,987888.9975752797,1664045.621037411,2651934.618612691,0.37251634736457984,1. Resto país
AR-N,Misiones,2024,777299.91239419,1347643.1599286057,2124943.0723227956,0.36579799361143167,1. Resto país
AR-Q,Neuquén,2024,1151756.2999999998,709051.5824752684,1860807.882475268,0.6189549769468519,1. Resto país
AR-R,Río Negro,2024,401601.5605499999,1008317.6879147519,1409919.2484647518,0.28484011477061555,1. Resto país
AR-A,Salta,2024,581927.668424,1556021.4140046323,2137949.0824286323,0.2721896761745847,2. NOA-Resto
AR-J,San Juan,2024,213316.1132682799,1339434.4916482423,1552750.6049165223,0.1373795074320696,1. Resto país
AR-D,San Luis,2024,225730.75687841003,902581.836248157,1128312.593126567,0.20006047814542913,1. Resto país
AR-Z,Santa Cruz,2024,280684.18261979,640870.5651820411,921554.7478018312,0.3045767853611532,1. Resto país
AR-S,Santa Fe,2024,1880950.04,3662405.6177471327,5543355.657747133,0.33931613920013826,1. Resto país
AR-G,Santiago del Estero,2024,164987.33710491,1653348.5442428924,1818335.8813478025,0.09073534697154888,2. NOA-Resto
AR-V,Tierra del Fuego,2024,209024.58144905992,493309.61942514026,702334.2008742002,0.2976141289843006,1. Resto país
AR-T,Tucumán,2024,720678.1840000001,1901306.1722525165,2621984.3562525166,0.27485983365287225,2. NOA-Resto
