anio,geocodigo,provincia,ingresos_totales,gastos_totales,resultado_financiero,resultado_primario,resultado_sobre_ingresos,primario_sobre_ingresos,la_rioja_region
2005,AR-B,Buenos Aires,21793.544008189998,22102.7895491963,-309.2455410063012,180.8757999999978,-0.014189777527238661,0.008299512916853945,1. Resto país
2005,AR-C,CABA,6238.095328730002,5890.130686759697,347.9646419703049,486.7963106600022,0.05578059065043916,0.07803604866665413,1. Resto país
2005,AR-K,Catamarca,1208.62107894,1128.9286777996892,79.69240114031072,120.90931780999992,0.06593663020522822,0.10003906097355288,2. NOA-Resto
2005,AR-H,Chaco,2523.17311689,2439.491550042756,83.68156684724408,186.29648418969992,0.03316521022163865,0.07383420619958266,1. Resto país
2005,AR-U,Chubut,2108.5626918099997,2105.83253154437,2.73016026562982,35.895744772182645,0.001294796818816062,0.01702379773274352,1. Resto país
2005,AR-W,Corrientes,1914.7753900599998,1983.401395722568,-68.6260056625681,-12.87484994000053,-0.035840237982386905,-0.006723947888006381,1. Resto país
2005,AR-X,Córdoba,6320.9079842266665,6186.186125918484,134.72185830818216,316.63046263666706,0.021313687629114373,0.050092560028842964,1. Resto país
2005,AR-E,Entre Ríos,2925.8042755085185,2762.8626226872548,162.9416528212637,233.85906700851814,0.05569123477780948,0.07992983979349484,1. Resto país
2005,AR-P,Formosa,1596.8843175099998,1591.0906102496526,5.793707260347219,76.89678098333336,0.003628132105011381,0.04815425897803134,1. Resto país
2005,AR-Y,Jujuy,1395.0386344566664,1362.136809142678,32.90182531398841,99.64241281932094,0.02358488467726406,0.07142627476989498,2. NOA-Resto
2005,AR-L,La Pampa,1442.37344161032,1175.998898140384,266.37454346993604,277.2812960659869,0.18467793137715116,0.19223960180272012,1. Resto país
2005,AR-F,La Rioja,1142.0514134700002,1172.1246014968865,-30.073188026886328,-3.523810739999714,-0.026332604357550058,-0.0030855097226253543,3. La Rioja
2005,AR-M,Mendoza,2986.7001862999996,2798.3047192354716,188.39546706452802,293.7198919999998,0.06307813148728435,0.09834261013117206,1. Resto país
2005,AR-N,Misiones,1957.5331242700001,1924.1139626989614,33.419161571038785,103.41152711000002,0.017072079729686006,0.05282747240793898,1. Resto país
2005,AR-Q,Neuquén,3174.5213802,3101.015660133005,73.50572006699485,130.64338664399997,0.02315489841254869,0.04115372712839289,1. Resto país
2005,AR-R,Río Negro,1557.08283895,1554.8494630233538,2.233375926646204,84.4695612799601,0.001434333402680267,0.054248598190781636,1. Resto país
2005,AR-A,Salta,1859.78020596,1817.3217943865266,42.45841157347354,80.26244242000024,0.022829800767535824,0.04315695057017212,2. NOA-Resto
2005,AR-J,San Juan,1494.0245452200002,1294.194256744037,199.83028847596324,244.45057104000026,0.1337530157153727,0.1636188453677674,1. Resto país
2005,AR-D,San Luis,1127.80035207,1128.9997011798,-1.199349109800096,4.411776322999904,-0.00106344097836002,0.003911841590492849,1. Resto país
2005,AR-Z,Santa Cruz,1955.5351250499998,1944.0796625024223,11.455462547577554,21.62273437777737,0.0058579681851967024,0.011057195598685302,1. Resto país
2005,AR-S,Santa Fe,6015.8340709700005,5424.736459212536,591.0976117574646,684.8058061100013,0.09825696732725131,0.11383389203079904,1. Resto país
2005,AR-G,Santiago del Estero,1819.682031927555,1652.205944589,167.4760873385551,177.23050779755508,0.09203590759268575,0.09739641579568609,2. NOA-Resto
2005,AR-V,Tierra del Fuego,997.433040068361,935.9156661013803,61.5173739669807,72.43163785836109,0.06167569299966691,0.0726180454714001,1. Resto país
2005,AR-T,Tucumán,2586.3682237400003,2508.0791126559097,78.28911108409056,172.9953116000002,0.030269901387390663,0.06688734806285297,2. NOA-Resto
2006,AR-B,Buenos Aires,26731.5029332,27569.233694369344,-837.7307611693432,-79.38712473389819,-0.031338707863256654,-0.002969796533037465,1. Resto país
2006,AR-C,CABA,7610.6221339,8221.831383356457,-611.2092494564567,-434.5284160800009,-0.08031002442414621,-0.05709499281858715,1. Resto país
2006,AR-K,Catamarca,1615.54635338,1585.4031167075266,30.14323667247345,65.89197200000012,0.018658230764724656,0.040786184724531625,2. NOA-Resto
2006,AR-H,Chaco,3044.6324311804437,2960.2154947974554,84.4169363829883,179.7526664090148,0.02772647874287365,0.05903920110951533,1. Resto país
2006,AR-U,Chubut,2765.292173022381,2504.800373744609,260.4917992777723,292.72269014238145,0.09420046164346628,0.10585597174798508,1. Resto país
2006,AR-W,Corrientes,2294.348859,2192.430455683105,101.91840331689536,155.35135900000003,0.04442149367002403,0.06771043487593707,1. Resto país
2006,AR-X,Córdoba,7863.0855403,7847.125051689232,15.960488610767243,229.80160381000047,0.002029799692368386,0.02922537248669342,1. Resto país
2006,AR-E,Entre Ríos,3620.6295546079473,3552.872961469363,67.75659313858432,139.2381418200004,0.018714036362088196,0.03845688704683778,1. Resto país
2006,AR-P,Formosa,1991.6425668200004,1897.074028448557,94.56853837144331,157.72990880513376,0.04748268587291656,0.07919589158860803,1. Resto país
2006,AR-Y,Jujuy,1720.74268229,1688.4420538370564,32.300628452943556,88.21562872358973,0.018771329836461785,0.05126601997585749,2. NOA-Resto
2006,AR-L,La Pampa,1757.1527957098144,1413.619432209885,343.53336349992946,354.7036889284709,0.19550568643699348,0.2018627462531998,1. Resto país
2006,AR-F,La Rioja,1427.82917487,1348.1634957479573,79.66567912204277,97.76424241000022,0.05579496519903798,0.06847054544805851,3. La Rioja
2006,AR-M,Mendoza,4017.94706785,3741.579267867238,276.36779998276234,436.9721110200003,0.0687833351997458,0.1087550691039401,1. Resto país
2006,AR-N,Misiones,2435.46988757661,2372.010647995153,63.45923958145704,127.64564513994347,0.026056261218898306,0.052411095612828945,1. Resto país
2006,AR-Q,Neuquén,3700.7931930300006,3614.206502801366,86.58669022863478,137.66337980777817,0.023396792447551624,0.03719834441628638,1. Resto país
2006,AR-R,Río Negro,1988.66720339,1960.3654660001043,28.301737389895607,102.93354205666647,0.014231510099654074,0.05176006416820263,1. Resto país
2006,AR-A,Salta,2355.286942230001,2229.764831463826,125.52211076617505,176.94514857000078,0.05329376583191596,0.0751267904548683,2. NOA-Resto
2006,AR-J,San Juan,2065.1477971975746,1942.2851405654146,122.86265663216,164.2548847675746,0.05949339645273128,0.07953662444425046,1. Resto país
2006,AR-D,San Luis,1417.4636017,1424.758336671131,-7.294734971130993,3.515456247854079,-0.005146329656988887,0.0024801033646563502,1. Resto país
2006,AR-Z,Santa Cruz,2720.3251804017214,2682.916308966397,37.40887143532427,55.92633352116632,0.013751617528974957,0.02055869420467867,1. Resto país
2006,AR-S,Santa Fe,7395.330452130001,7158.652492216151,236.67795991384992,329.99106120000044,0.03200370307261686,0.04462154373439209,1. Resto país
2006,AR-G,Santiago del Estero,2212.761440465762,2358.294712765925,-145.53327230016293,-86.15918839480209,-0.06576997847067047,-0.038937405008588055,2. NOA-Resto
2006,AR-V,Tierra del Fuego,1377.49508003,1294.224791020771,83.27028900922915,91.33821454000022,0.060450516460222585,0.06630747061398651,1. Resto país
2006,AR-T,Tucumán,3176.5743684599997,3217.61637889318,-41.04201043318017,43.97091234999938,-0.012920210790807738,0.01384224238115868,2. NOA-Resto
2007,AR-B,Buenos Aires,33494.482385870004,34710.79458744489,-1216.3122015748886,-315.5664358700019,-0.03631380797477266,-0.00942144536627104,1. Resto país
2007,AR-C,CABA,9600.987954510003,9945.515490169999,-344.5275356599959,-221.05836277999595,-0.03588459201202896,-0.02302454328943879,1. Resto país
2007,AR-K,Catamarca,2321.2677935799998,2243.907116365577,77.3606772144226,113.06150912999972,0.0333269075754126,0.0487067926598979,2. NOA-Resto
2007,AR-H,Chaco,4128.56324122,4169.346543798059,-40.78330257805919,70.52201654399641,-0.009878328172589075,0.017081491168621895,1. Resto país
2007,AR-U,Chubut,3259.2766846600002,3030.2118315235643,229.0648531364359,262.98448966000035,0.0702808860059487,0.0806879915711833,1. Resto país
2007,AR-W,Corrientes,3044.69757937,2848.66207857042,196.03550079957995,261.48597188999986,0.06438586943013994,0.08588241198789463,1. Resto país
2007,AR-X,Córdoba,10135.5372927,10126.024287075084,9.513005624916332,262.17548765979956,9.385793125903606e-4,0.02586695506005669,1. Resto país
2007,AR-E,Entre Ríos,4754.624033837879,4591.5378686364575,163.08616520142186,243.8533657284641,0.03430053860005847,0.051287623162840995,1. Resto país
2007,AR-P,Formosa,2623.7248144899995,2568.5386711992464,55.18614329075308,135.09356377199907,0.02103351044514178,0.05148922746239247,1. Resto país
2007,AR-Y,Jujuy,2243.7426907100003,2336.6524722173053,-92.90978150730507,-16.69730011555542,-0.041408394060508384,-0.007441717887121807,2. NOA-Resto
2007,AR-L,La Pampa,2191.51770733364,2074.595742023444,116.9219653101959,127.23212128163973,0.05335205137468484,0.05805662480201431,1. Resto país
2007,AR-F,La Rioja,1729.9065450599999,1579.0606288241179,150.845916235882,169.37910568714292,0.08719888173534257,0.09791228674799204,3. La Rioja
2007,AR-M,Mendoza,4731.2049432700005,4770.758592388153,-39.55364911815286,90.04867627000058,-0.008360163973538445,0.019032926569391623,1. Resto país
2007,AR-N,Misiones,3162.06638201,3204.782988497289,-42.71660648728903,32.068877670000205,-0.013509079610193313,0.010141747134864163,1. Resto país
2007,AR-Q,Neuquén,4275.924006172395,4330.561755633417,-54.637749461022395,45.22131697239506,-0.012777998248367263,0.010575799969110079,1. Resto país
2007,AR-R,Río Negro,2379.5436368699993,2371.2622124815803,8.281424388419055,95.30136647066612,0.003480257415792661,0.0400502705619736,1. Resto país
2007,AR-A,Salta,3262.20648191,3164.103237491846,98.10324441815419,140.73859945980217,0.03007266552934914,0.043142149413362904,2. NOA-Resto
2007,AR-J,San Juan,2700.0506274799995,2472.749792088238,227.30083539176167,287.5393956600003,0.08418391606379069,0.10649407560493243,1. Resto país
2007,AR-D,San Luis,1811.4164020800001,1837.4599027454724,-26.043500665472266,-19.274777259999745,-0.014377423454688398,-0.010640721392313243,1. Resto país
2007,AR-Z,Santa Cruz,4173.979836230001,4162.241208732281,11.73862749771979,26.34594423000061,0.002812334500475759,0.006311948131928843,1. Resto país
2007,AR-S,Santa Fe,9383.360104669999,9124.438433994896,258.9216706751031,328.69250458,0.027593705004057185,0.03502929663931508,1. Resto país
2007,AR-G,Santiago del Estero,2852.3785281399996,2920.85055371352,-68.47202557352057,-59.3848623100005,-0.024005238048882074,-0.020819418504291094,2. NOA-Resto
2007,AR-V,Tierra del Fuego,1509.6052607200004,1714.497281981877,-204.8920212618766,-195.93623728999955,-0.1357255612398662,-0.12979302761342296,1. Resto país
2007,AR-T,Tucumán,4292.616168250001,4330.186432285701,-37.57026403570035,68.41016830000027,-0.008752299894312905,0.015936707503920504,2. NOA-Resto
2008,AR-B,Buenos Aires,44546.35597073,46940.33623725084,-2393.980266520841,-1388.7014774999961,-0.05374132663272949,-0.03117430028199092,1. Resto país
2008,AR-C,CABA,12741.51771302,13134.052666368007,-392.53495334800573,-279.4374305000016,-0.030807550732115014,-0.021931251581941192,1. Resto país
2008,AR-K,Catamarca,2848.29106915,2953.4618548877593,-105.17078573775916,-63.65240698257962,-0.03692417073411837,-0.022347578051977342,2. NOA-Resto
2008,AR-H,Chaco,5622.585442039999,5680.996529114322,-58.411087074322495,63.48525288000012,-0.010388652636131333,0.011291113942941924,1. Resto país
2008,AR-U,Chubut,4363.454666590001,4089.668143676369,273.78652291363187,303.5819215900011,0.06274535748244486,0.06957375400607693,1. Resto país
2008,AR-W,Corrientes,3749.606178170001,3687.0579192801442,62.5482588898567,139.3302346100013,0.016681287558679946,0.0371586315974126,1. Resto país
2008,AR-X,Córdoba,13521.474420610002,13946.422012349609,-424.94759173960665,-148.21700699999855,-0.031427607561190486,-0.01096160096077096,1. Resto país
2008,AR-E,Entre Ríos,6022.925615089999,6133.072787243365,-110.14717215336623,-18.24841017999951,-0.01828798480881128,-0.0030298249299774605,1. Resto país
2008,AR-P,Formosa,3373.0857996650006,3326.883751437281,46.20204822771984,147.44219597500037,0.013697264455089881,0.043711368382518954,1. Resto país
2008,AR-Y,Jujuy,2778.964394689999,2959.2986786775955,-180.33428398759634,-126.56402726388048,-0.0648926212700588,-0.045543594407224865,2. NOA-Resto
2008,AR-L,La Pampa,2738.006942448261,2306.0061994876614,432.0007429605994,441.60496682026104,0.15777927231050576,0.16128701500858444,1. Resto país
2008,AR-F,La Rioja,2172.3992626000004,2018.5724323044913,153.82683029550913,171.40720103000052,0.07080964947088225,0.07890225520738514,3. La Rioja
2008,AR-M,Mendoza,6140.205207787037,6039.815764130465,100.38944365657153,243.45477949999835,0.016349525831686727,0.0396492904164258,1. Resto país
2008,AR-N,Misiones,4033.09626993,3999.9746837552443,33.12158617475552,118.23487637999985,0.008212446209554624,0.029316155248149327,1. Resto país
2008,AR-Q,Neuquén,5499.211530580002,5840.6398448530435,-341.4283142730419,-230.52796699999874,-0.06208677596314093,-0.041920185415323524,1. Resto país
2008,AR-R,Río Negro,2932.59969688,3008.0400163005306,-75.44031942053061,23.444606740000495,-0.025724724550981765,0.007994479016329187,1. Resto país
2008,AR-A,Salta,3999.7006320199994,3752.912028904914,246.78860311508515,295.84235027999915,0.06170176866223301,0.07396612334223315,2. NOA-Resto
2008,AR-J,San Juan,3407.4158451900007,3310.5129834519803,96.90286173802042,130.3277255000001,0.028438812912961912,0.03824825950844075,1. Resto país
2008,AR-D,San Luis,2189.4895099099995,2209.7977422802333,-20.30823237023378,-14.332765800000594,-0.009275327549328412,-0.006546167832788453,1. Resto país
2008,AR-Z,Santa Cruz,4835.1169439099995,5358.572428927094,-523.4554850170944,-509.8100580900004,-0.1082611839774434,-0.10543903363746437,1. Resto país
2008,AR-S,Santa Fe,11841.938595040003,11998.142111180394,-156.203516140391,-104.99224999999909,-0.013190704789316917,-0.008866137005977645,1. Resto país
2008,AR-G,Santiago del Estero,3636.8091523299995,3985.5154694127614,-348.70631708276187,-341.1239000000008,-0.09588248997321064,-0.09379758071205152,2. NOA-Resto
2008,AR-V,Tierra del Fuego,1948.9675849900004,1993.442974668473,-44.47538967847254,-29.303920379999774,-0.022819974031892752,-0.015035611985383597,1. Resto país
2008,AR-T,Tucumán,5660.86044914,5688.532539898873,-27.67209075887331,86.96408901666736,-0.004888318835536259,0.015362344611388358,2. NOA-Resto
2009,AR-B,Buenos Aires,53543.79185245683,59324.73072760779,-5780.938875150961,-4477.31163133001,-0.10796655737570267,-0.08361962192867314,1. Resto país
2009,AR-C,CABA,15091.898956177121,15853.21830330026,-761.3193471231389,-658.1532691499998,-0.050445563499584026,-0.043609705515594996,1. Resto país
2009,AR-K,Catamarca,2749.648593292089,3016.2291476551122,-266.5805543630231,-224.16547257551204,-0.09695077218716612,-0.08152513492901434,2. NOA-Resto
2009,AR-H,Chaco,6667.044136891367,7148.232757370628,-481.18862047926086,-339.95644829999776,-0.07217420652979567,-0.050990580131138705,1. Resto país
2009,AR-U,Chubut,4759.843099557533,4529.293367962184,230.54973159534893,258.2992075575319,0.04843641413658792,0.05426632814462791,1. Resto país
2009,AR-W,Corrientes,4172.339725507261,4101.195822628544,71.1439028787172,141.07546104607272,0.017051320735889434,0.033812074358092005,1. Resto país
2009,AR-X,Córdoba,16042.012451216771,17140.939415501365,-1098.9269642845939,-765.4897083599988,-0.06850306142239912,-0.047717810386186124,1. Resto país
2009,AR-E,Entre Ríos,7095.679100447083,7513.919243426959,-418.2401429798756,-315.3459262685906,-0.05894293372899617,-0.04444196556869678,1. Resto país
2009,AR-P,Formosa,3887.1039658270697,3862.602857838548,24.501107988521653,127.55447803999857,0.00630317794530831,0.032814784261335925,1. Resto país
2009,AR-Y,Jujuy,3582.477277885926,3717.4246031474877,-134.94732526156167,-72.78648615000009,-0.03766871770396717,-0.020317361564105296,2. NOA-Resto
2009,AR-L,La Pampa,3073.819735414353,3089.3146763056475,-15.494940891294391,-6.388049393646682,-0.005040940011144037,-0.002078212108552803,1. Resto país
2009,AR-F,La Rioja,2586.1527947160594,2641.3425424108736,-55.18974769481429,-34.053044273940905,-0.02134048220490921,-0.013167452574154529,3. La Rioja
2009,AR-M,Mendoza,6896.027329111899,7358.971737159125,-462.9444080472258,-308.4779253099998,-0.06713204370476963,-0.044732700522769966,1. Resto país
2009,AR-N,Misiones,4743.021482836049,4791.742030993237,-48.720548157188205,42.63353476407707,-0.010272048805491847,0.00898868683567183,1. Resto país
2009,AR-Q,Neuquén,7085.413479185441,6863.940715304829,221.47276388061255,342.8619131900007,0.03125756380078946,0.04838982427732884,1. Resto país
2009,AR-R,Río Negro,3484.213692755413,3649.0127355235736,-164.7990427681607,-55.0714404999985,-0.047298775936395865,-0.01580598819598992,1. Resto país
2009,AR-A,Salta,4894.476851982039,4792.741971963577,101.73488001846181,216.77321176000135,0.020785649436111612,0.044289352736895285,2. NOA-Resto
2009,AR-J,San Juan,3653.4103123959003,3551.909920342443,101.50039205345729,157.69769417333407,0.02778236862940629,0.04316451772150284,1. Resto país
2009,AR-D,San Luis,2398.6707474536593,2732.511955246373,-333.8412077927137,-332.17538357021954,-0.1391775874813612,-0.13848310941501443,1. Resto país
2009,AR-Z,Santa Cruz,5618.281750955738,5643.736717900711,-25.45496694497251,102.08567947000053,-0.004530738769133875,0.018170266995355743,1. Resto país
2009,AR-S,Santa Fe,13743.74706775899,14691.656839893989,-947.909772134999,-906.677040279999,-0.06897025734405937,-0.06597014888370169,1. Resto país
2009,AR-G,Santiago del Estero,4445.903410808474,3997.3218163464335,448.5815944620408,457.03315675000107,0.10089773731284629,0.10279871479863999,2. NOA-Resto
2009,AR-V,Tierra del Fuego,2191.9327143173055,2353.9185994587538,-161.9858851414483,-152.25357518999976,-0.07390093869368616,-0.06946087997843507,1. Resto país
2009,AR-T,Tucumán,6139.838031891945,6299.6985101988985,-159.86047830695315,-26.205110469999596,-0.026036595342840557,-0.004268045888813892,2. NOA-Resto
2010,AR-B,Buenos Aires,69553.09362205953,72348.65917981874,-2795.5655577592115,-874.7662214359873,-0.04019325974125423,-0.012576956334815646,1. Resto país
2010,AR-C,CABA,20021.458285591245,19782.85159424306,238.60669134818454,450.44897148909047,0.01191754805991837,0.022498309816586293,1. Resto país
2010,AR-K,Catamarca,4100.3737394855825,3741.0144671820017,359.35927230358084,391.6298206786361,0.08764061403550612,0.09551076208184099,2. NOA-Resto
2010,AR-H,Chaco,8816.411253281072,8358.86819361405,457.54305966702304,544.9904604520012,0.05189674647910124,0.061815453566685684,1. Resto país
2010,AR-U,Chubut,6299.509912378012,6016.730361642474,282.77955073553767,310.50881563900174,0.044889134975389024,0.04929094801944478,1. Resto país
2010,AR-W,Corrientes,6228.7053058881165,5192.7551131800965,1035.95019270802,1085.0698987571407,0.1663187037808188,0.17420472561631756,1. Resto país
2010,AR-X,Córdoba,23574.179873958732,22361.62724213265,1212.5526318260818,1569.0003189121353,0.05143562313976957,0.06655588136261464,1. Resto país
2010,AR-E,Entre Ríos,9731.540050281526,9508.124582432163,223.41546784936327,330.16852513224944,0.022957873748143287,0.03392767469756217,1. Resto país
2010,AR-P,Formosa,5765.070919297114,5666.126190379263,98.94472891785153,143.84247625000057,0.017162794751866647,0.024950686342560736,1. Resto país
2010,AR-Y,Jujuy,4887.974163026776,4607.4682687238665,280.50589430290984,372.14696692142405,0.05738694292303959,0.07613521563521927,2. NOA-Resto
2010,AR-L,La Pampa,4499.786954167914,4844.769531534896,-344.9825773669818,-336.5870107093267,-0.07666642462871331,-0.07480065481712729,1. Resto país
2010,AR-F,La Rioja,3432.3088873992524,3312.610069977636,119.69881742161624,161.21156684266674,0.03487413905579899,0.046968839964989524,3. La Rioja
2010,AR-M,Mendoza,9285.580570955712,9219.873389576209,65.7071813795028,254.34988548794988,0.007076259893218495,0.027391920574522687,1. Resto país
2010,AR-N,Misiones,6643.359740359227,6127.595691789273,515.764048569954,582.4770267348493,0.07763602585550561,0.08767807999260221,1. Resto país
2010,AR-Q,Neuquén,8131.920796579126,7856.706132992329,275.21466358679663,405.5687033793702,0.033843746203550316,0.04987366620073105,1. Resto país
2010,AR-R,Río Negro,5012.613370358584,4595.799828715428,416.813541643156,521.8745330301782,0.08315294056148972,0.1041122652938312,1. Resto país
2010,AR-A,Salta,6419.871817142512,5723.955560232807,695.9162569097043,792.974438933002,0.10840033519850822,0.12351873394350035,2. NOA-Resto
2010,AR-J,San Juan,5342.258391614922,4150.23720964395,1192.021181970972,1217.8098636276666,0.22313057411111736,0.2279578736848654,1. Resto país
2010,AR-D,San Luis,3340.600247795303,3696.8707769189778,-356.2705291236748,-354.7193033914758,-0.10664865673730425,-0.10618430134691513,1. Resto país
2010,AR-Z,Santa Cruz,6832.501162446011,6848.1284176274085,-15.627255181397231,110.27085809798696,-0.002287193929404723,0.016139164191303318,1. Resto país
2010,AR-S,Santa Fe,18799.328119065623,18769.640752398307,29.687366667316383,53.76267613099638,0.001579171685248075,0.0028598190206846888,1. Resto país
2010,AR-G,Santiago del Estero,6189.163563197576,5745.265758248424,443.8978049491516,446.7055010099991,0.07172177636226756,0.07217542345563942,2. NOA-Resto
2010,AR-V,Tierra del Fuego,3062.031888059734,2907.493934215152,154.5379538445818,163.42539409700123,0.05046908702917045,0.05337155198620621,1. Resto país
2010,AR-T,Tucumán,8912.342161679515,8210.554320870071,701.7878408094439,780.2266427720515,0.0787433682502595,0.08754451171396893,2. NOA-Resto
2011,AR-B,Buenos Aires,89775.5667901931,98627.77028858864,-8852.203498395538,-6556.232281041017,-0.09860370493770622,-0.07302913827726684,1. Resto país
2011,AR-C,CABA,26222.393508478443,27048.730307656733,-826.3367991782907,-432.2798207160063,-0.03151263819266203,-0.01648513971755622,1. Resto país
2011,AR-K,Catamarca,5163.526105835462,5148.499468097082,15.026637738379577,21.2619500779993,0.0029101504340991917,0.004117719101675598,2. NOA-Resto
2011,AR-H,Chaco,11703.640005448913,11745.796731227067,-42.156725778153486,-6.277106314998981,-0.003602018325796624,-5.363379523017218e-4,1. Resto país
2011,AR-U,Chubut,7418.627547999549,7569.709901376495,-151.08235337694532,-124.6491065500002,-0.020365270044819143,-0.016802178805109595,1. Resto país
2011,AR-W,Corrientes,7963.390702924575,8257.327237219175,-293.9365342946003,-288.76053027184537,-0.036910977403965796,-0.0362610025106262,1. Resto país
2011,AR-X,Córdoba,28022.02764944483,30055.021236451186,-2032.9935870063564,-1559.7345385532706,-0.07254983873540764,-0.05566101632849441,1. Resto país
2011,AR-E,Entre Ríos,12583.919750396857,13408.281455375825,-824.3617049789682,-773.2526894189657,-0.06550913557383187,-0.06144768122782885,1. Resto país
2011,AR-P,Formosa,7726.753917416022,7706.330657694376,20.42325972164599,34.48944373300016,0.002643187545498528,0.00446363946640792,1. Resto país
2011,AR-Y,Jujuy,5971.787099209961,6259.454735465397,-287.66763625543626,-280.47356497300086,-0.04817111385191434,-0.046966437401980754,2. NOA-Resto
2011,AR-L,La Pampa,5357.542477881509,5715.978077445317,-358.43559956380795,-350.77218377609523,-0.06690298789857498,-0.06547259031995549,1. Resto país
2011,AR-F,La Rioja,4360.302692018399,4351.381342922197,8.921349096201993,50.367607996998615,0.00204603893957469,0.011551401715572934,3. La Rioja
2011,AR-M,Mendoza,11859.556979128301,13146.243301248021,-1286.68632211972,-1101.3662357229982,-0.10849362454130168,-0.09286740117369466,1. Resto país
2011,AR-N,Misiones,8356.654343094293,8487.182834738647,-130.5284916443543,-120.85933308400047,-0.01561970691682604,-0.01446264594919799,1. Resto país
2011,AR-Q,Neuquén,9705.408856282333,10063.023365554876,-357.6145092725437,-216.33442329833338,-0.036846928817538586,-0.022290088599235015,1. Resto país
2011,AR-R,Río Negro,5984.788726823126,6093.286522056126,-108.49779523300003,-53.890882481000034,-0.01812892654785382,-0.009004642426134005,1. Resto país
2011,AR-A,Salta,8130.927688815912,7838.134329978638,292.79335883727435,387.0002595500007,0.036009834307100225,0.04759607690058779,2. NOA-Resto
2011,AR-J,San Juan,6840.161840632186,5416.280960696925,1423.880879935261,1433.0846879150001,0.20816479392008977,0.20951034804500338,1. Resto país
2011,AR-D,San Luis,4331.642202765176,4396.492943760444,-64.8507409952681,-64.3489761703377,-0.014971398365698243,-0.014855561276335211,1. Resto país
2011,AR-Z,Santa Cruz,8378.220153892551,9148.00137512092,-769.7812212283698,-641.9569767169987,-0.09187884862045868,-0.07662211841243431,1. Resto país
2011,AR-S,Santa Fe,25010.44682148716,26959.534271363056,-1949.0874498758967,-1920.156994106,-0.07793093277331545,-0.07677419791062431,1. Resto país
2011,AR-G,Santiago del Estero,7877.891068864852,7911.527096146083,-33.63602728123078,-24.517986242001097,-0.004269674077389533,-0.0031122525086569857,2. NOA-Resto
2011,AR-V,Tierra del Fuego,3902.081044432893,4077.185571078144,-175.1045266452511,-173.03718208400102,-0.044874651410706366,-0.044344845766561794,1. Resto país
2011,AR-T,Tucumán,11079.680694114917,11378.717794566277,-299.03710045135995,-271.04050319099963,-0.026989685777695425,-0.024462844252810055,2. NOA-Resto
2012,AR-B,Buenos Aires,111271.4320510641,120847.81604238,-9576.383991315903,-5994.383991315903,-0.08606327621380086,-0.053871725031497675,1. Resto país
2012,AR-C,CABA,33692.824104176,35190.92799437964,-1498.1038902036453,-1008.3632189360551,-0.044463589207351883,-0.029928129972669026,1. Resto país
2012,AR-K,Catamarca,6483.535686311028,6589.229200411326,-105.69351410029776,-99.9030667280007,-0.016301832705795556,-0.015408732451173269,2. NOA-Resto
2012,AR-H,Chaco,14775.462881601205,14952.104487142464,-176.6416055412592,-92.41807585148416,-0.01195506407865015,-0.006254834558622565,1. Resto país
2012,AR-U,Chubut,9187.748848558744,9271.811652148768,-84.06280359002449,-57.611039138998805,-0.009149445089937475,-0.006270419456234493,1. Resto país
2012,AR-W,Corrientes,10107.221457902688,10349.460493028402,-242.2390351257145,-237.94691288200082,-0.023966926631088247,-0.023542267662093583,1. Resto país
2012,AR-X,Córdoba,35252.405290127164,35450.50978010259,-198.104489975427,315.2618705379979,-0.005619602076653431,0.008942988937730456,1. Resto país
2012,AR-E,Entre Ríos,15944.26614058471,16542.378328662297,-598.1121880775863,-529.3884679655906,-0.037512682164476986,-0.03320243548983916,1. Resto país
2012,AR-P,Formosa,9842.39412770875,9784.775079359753,57.61904834899724,73.32963288899724,0.005854169991708166,0.007450385743297595,1. Resto país
2012,AR-Y,Jujuy,7705.1098276631565,8188.899985624725,-483.7901579615682,-470.14812741299926,-0.06278822350132476,-0.061017706162351755,2. NOA-Resto
2012,AR-L,La Pampa,6809.7410503499605,6455.5427756911095,354.198274658851,361.0870401738915,0.052013471883875576,0.053025076504977356,1. Resto país
2012,AR-F,La Rioja,5168.9900440406,5452.961760863847,-283.97171682324733,-224.45669462099954,-0.05493756312234384,-0.043423704187586655,3. La Rioja
2012,AR-M,Mendoza,16095.360706762245,16729.368847090715,-634.0081403284694,-435.32332649999637,-0.039390738230681566,-0.027046509514825675,1. Resto país
2012,AR-N,Misiones,10783.031312248368,11001.814964085002,-218.78365183663482,-206.177908240001,-0.02028962408632905,-0.019120588846459622,1. Resto país
2012,AR-Q,Neuquén,12097.449665684682,13084.374492363579,-986.9248266788964,-840.1713569086965,-0.08158123025536383,-0.06945028746777142,1. Resto país
2012,AR-R,Río Negro,7524.974643909155,7727.4910543398,-202.516410430645,-142.97238874099912,-0.026912570475511877,-0.018999717009906932,1. Resto país
2012,AR-A,Salta,10150.535616487392,10110.032496949012,40.503119538379906,218.19545277900116,0.003990244561340308,0.02149595460012858,2. NOA-Resto
2012,AR-J,San Juan,8685.389691777837,7000.307113744389,1685.0825780334471,1695.585138537,0.19401346834542813,0.1952226899090265,1. Resto país
2012,AR-D,San Luis,5485.925666707089,5310.496415982679,175.42925072440994,175.6983739011121,0.031978058286325786,0.03202711530843154,1. Resto país
2012,AR-Z,Santa Cruz,8891.364958681743,9590.4761543003915,-699.1111956186487,-555.7718442460002,-0.07862810703052063,-0.06250692068413312,1. Resto país
2012,AR-S,Santa Fe,31313.155381967787,31933.023863723178,-619.8684817553913,-592.4333998770018,-0.01979578468519187,-0.018919632743820018,1. Resto país
2012,AR-G,Santiago del Estero,9401.628669877007,8798.959265781354,602.6694040956536,614.579705206,0.06410265978985295,0.06536949360435014,2. NOA-Resto
2012,AR-V,Tierra del Fuego,4840.496354355768,5340.22670127962,-499.73034692385227,-495.02696047618485,-0.10323948420582221,-0.10226780979407825,1. Resto país
2012,AR-T,Tucumán,14028.110249620351,13737.112115323109,290.99813429724236,313.1984394580015,0.020743929803739444,0.02232648830703891,2. NOA-Resto
2013,AR-B,Buenos Aires,150099.230944778,151781.05502612094,-1681.8240813429293,2476.3167539080223,-0.011204748157315194,0.016497864368266266,1. Resto país
2013,AR-C,CABA,47800.780489333,50878.14757302777,-3077.367083694764,-2304.9807748269973,-0.0643790133171883,-0.04822056776544404,1. Resto país
2013,AR-K,Catamarca,8432.587509486999,8780.67973134982,-348.0922218628202,-325.440962843001,-0.04127940818535266,-0.038593250586118066,2. NOA-Resto
2013,AR-H,Chaco,19411.575491087002,19391.15434886328,20.42114222372038,150.69932926700065,0.0010520084901453222,0.007763374453361377,1. Resto país
2013,AR-U,Chubut,11772.526574128004,12021.876514046366,-249.349939918362,-193.0611408419959,-0.021180664859686796,-0.01639929539562717,1. Resto país
2013,AR-W,Corrientes,13024.868284048,13326.641384175919,-301.77310012791895,-296.74441920200064,-0.023168994384189723,-0.02278291133012329,1. Resto país
2013,AR-X,Córdoba,47378.117993742,46487.34579211135,890.7722016306507,1778.6018030789514,0.018801342040397413,0.037540575235890127,1. Resto país
2013,AR-E,Entre Ríos,20701.55813584,21890.286262041616,-1188.728126201615,-1031.5722174469813,-0.05742215723093832,-0.049830655773733794,1. Resto país
2013,AR-P,Formosa,12786.119689312001,12718.615251237,67.50443807500051,85.12318370500051,0.005279509320675912,0.006657468080496346,1. Resto país
2013,AR-Y,Jujuy,9827.774404828002,11020.803278341988,-1193.0288735139857,-1140.3454927819985,-0.12139359577972172,-0.11603293337927978,2. NOA-Resto
2013,AR-L,La Pampa,9134.377195825,8285.161729870368,849.2154659546322,855.3505853736302,0.09296916995531765,0.09364082159477503,1. Resto país
2013,AR-F,La Rioja,6888.665000927999,6985.765673320294,-97.10067239229465,-25.843145262000874,-0.014095717004559496,-0.003751546236973266,3. La Rioja
2013,AR-M,Mendoza,21090.863918587,22267.052003593515,-1176.1880850065136,-858.7530153529967,-0.05576765795591521,-0.040716825003844104,1. Resto país
2013,AR-N,Misiones,14453.482919634002,15925.778795934239,-1472.295876300237,-1458.7361639059977,-0.10186443533968069,-0.10092627306629402,1. Resto país
2013,AR-Q,Neuquén,15485.961310413999,16289.579580641615,-803.6182702276164,-581.5491911260021,-0.0518933409505033,-0.03755331551389851,1. Resto país
2013,AR-R,Río Negro,9825.429909136,10569.123314938617,-743.6934058026163,-669.2285441839981,-0.07569067335273608,-0.06811188419976696,1. Resto país
2013,AR-A,Salta,13311.042217839,13299.529918925462,11.512298913537961,233.9791831689986,8.64868334510244e-4,0.01757782593878545,2. NOA-Resto
2013,AR-J,San Juan,11507.554602861997,9963.6834114371,1543.871191424898,1563.6604045819956,0.1341615351571678,0.1358812066112729,1. Resto país
2013,AR-D,San Luis,7356.969180966,6914.663316661286,442.3058643047134,442.5096234609706,0.06012066292856712,0.06014835900167075,1. Resto país
2013,AR-Z,Santa Cruz,11715.395436952,11954.86816500619,-239.47272805419016,-65.00799192466741,-0.020440857446335923,-0.00554893706102511,1. Resto país
2013,AR-S,Santa Fe,41122.18043850208,41853.78481870989,-731.6043802078129,-710.0254998170069,-0.01779099192714068,-0.017266241533054037,1. Resto país
2013,AR-G,Santiago del Estero,13021.386200924997,12824.834060492634,196.55214043236265,219.79519365499687,0.015094563466553216,0.016879554162934154,2. NOA-Resto
2013,AR-V,Tierra del Fuego,6544.839646755001,6951.681542382168,-406.8418956271671,-402.3222436249995,-0.06216224041927192,-0.061471673156190315,1. Resto país
2013,AR-T,Tucumán,18457.299527364004,18203.06799956401,254.2315277999951,287.1698752740082,0.01377403706447318,0.015558607305920477,2. NOA-Resto
2014,AR-B,Buenos Aires,203691.57762009956,203920.92420251717,-229.34658241760917,6209.139387589552,-0.001125950248396417,0.030483044316982382,1. Resto país
2014,AR-C,CABA,64553.26376183761,67666.27440795922,-3113.010646121613,-1805.3431798711968,-0.048223907897309945,-0.027966721969811134,1. Resto país
2014,AR-K,Catamarca,11677.714760362971,11576.203948674161,101.51081168880955,169.73358575600344,0.008692694912652102,0.014534828880400544,2. NOA-Resto
2014,AR-H,Chaco,28071.32684641902,27828.877630881223,242.44921553779568,393.12556956000674,0.008636899027404693,0.014004523965355656,1. Resto país
2014,AR-U,Chubut,17845.378876985895,18859.864859465186,-1014.4859824792911,-907.6082066619983,-0.05684866594721686,-0.0508595649842148,1. Resto país
2014,AR-W,Corrientes,19044.933179055555,17852.96390654367,1191.969272511884,1197.4815343189964,0.06258721211071186,0.06287664666820217,1. Resto país
2014,AR-X,Córdoba,65239.79755264923,64281.42076280742,958.3767898418082,2382.4667581940253,0.014690063822904841,0.03651861053479433,1. Resto país
2014,AR-E,Entre Ríos,29535.034415605962,31060.31235059514,-1525.277934989179,-1296.5430787609976,-0.05164300516891357,-0.04389847868522948,1. Resto país
2014,AR-P,Formosa,17164.130163071197,17095.636854200664,68.49330887053293,91.56025788400001,0.003990491112558502,0.00533439545226666,1. Resto país
2014,AR-Y,Jujuy,14302.546907424048,15434.8297440789,-1132.282836654851,-1124.8962067440045,-0.07916651796241374,-0.07865006239973264,2. NOA-Resto
2014,AR-L,La Pampa,12108.84235241199,11639.743915794825,469.09843661716513,475.2273206808444,0.03874015557925934,0.039246305043040115,1. Resto país
2014,AR-F,La Rioja,9661.2635459356,9561.492489970004,99.77105596559704,205.3375658659998,0.01032691588333389,0.02125369677472294,3. La Rioja
2014,AR-M,Mendoza,29675.53616732489,30088.71041983644,-413.1742525115478,199.5613221049981,-0.013923059390801682,0.006724775619209566,1. Resto país
2014,AR-N,Misiones,21604.49813969164,21975.328438385382,-370.8302986937415,-360.1866636149959,-0.0171644949258254,-0.016671836637263206,1. Resto país
2014,AR-Q,Neuquén,24334.819618153564,24773.852391320986,-439.0327731674224,-69.77336612800076,-0.018041340764240053,-0.002867223477422057,1. Resto país
2014,AR-R,Río Negro,14458.320281978939,13774.37191416289,683.9483678160486,808.874277066001,0.04730482894811314,0.05594524545663812,1. Resto país
2014,AR-A,Salta,18456.264357928805,18091.5068424916,364.75751543720617,697.4040782119969,0.019763344757277843,0.037786849206697254,2. NOA-Resto
2014,AR-J,San Juan,16029.773536267476,13801.961753648473,2227.8117826190028,2260.823704444003,0.1389796167474583,0.14103902961129633,1. Resto país
2014,AR-D,San Luis,10124.693971840785,9840.032644549336,284.6613272914492,284.6788693267207,0.028115548784305083,0.028117281383366378,1. Resto país
2014,AR-Z,Santa Cruz,16062.964410017892,18263.31322596098,-2200.348815943089,-2037.3034055400021,-0.13698273617358017,-0.12683234261973522,1. Resto país
2014,AR-S,Santa Fe,56478.06679422307,58260.130540204314,-1782.0637459812424,-1757.3626003710017,-0.03155320015598556,-0.031115841956381476,1. Resto país
2014,AR-G,Santiago del Estero,17809.533016900474,17423.615307134718,385.9177097657557,407.27832149440263,0.02166916501401449,0.022868557031108742,2. NOA-Resto
2014,AR-V,Tierra del Fuego,9451.242454954037,9964.200233633932,-512.9577786798945,-503.61316106541045,-0.054274110639392026,-0.053285392208030025,1. Resto país
2014,AR-T,Tucumán,25768.362347026454,25115.052544699513,653.3098023269413,669.527395354999,0.025353175088456102,0.025982535728827926,2. NOA-Resto
2015,AR-B,Buenos Aires,276670.47862695676,299003.64310276374,-22333.16447580699,-13127.240443288949,-0.08072116904788919,-0.04744720328831616,1. Resto país
2015,AR-C,CABA,81776.06259850721,89282.97327313112,-7506.910674623912,-5772.070459099328,-0.09179838740195041,-0.07058386373330593,1. Resto país
2015,AR-K,Catamarca,15615.110784032995,15975.160054739861,-360.0492707068661,-306.7855639089997,-0.023057746799659547,-0.019646710686337162,2. NOA-Resto
2015,AR-H,Chaco,37089.72437150248,37671.41380956022,-581.689438057736,-464.7203915270015,-0.015683304416914762,-0.012529626450501874,1. Resto país
2015,AR-U,Chubut,21963.926017658054,24417.70590693138,-2453.7798892733263,-2263.147087207002,-0.11171863751956697,-0.10303927837798803,1. Resto país
2015,AR-W,Corrientes,24855.39747665669,23791.822900985648,1063.574575671042,1067.880170006005,0.042790487525693914,0.04296371325419038,1. Resto país
2015,AR-X,Córdoba,87313.54533408037,90019.01571905414,-2705.4703849737707,-1255.108013769988,-0.0309856892721749,-0.014374722833297805,1. Resto país
2015,AR-E,Entre Ríos,38524.0120966302,40686.18437708695,-2162.1722804567544,-1743.4146440910063,-0.05612531412962269,-0.04525527195137361,1. Resto país
2015,AR-P,Formosa,23431.59885924512,23335.539236882174,96.05962236294727,119.19781063699686,0.004099576086974799,0.005087054082524396,1. Resto país
2015,AR-Y,Jujuy,19647.96380186411,21316.79894517322,-1668.835143309112,-1649.258394678997,-0.08493679854758183,-0.08394042310493889,2. NOA-Resto
2015,AR-L,La Pampa,15278.30266849047,14805.196240175646,473.10642831482437,477.7575105356665,0.030965902337472696,0.03127032635117118,1. Resto país
2015,AR-F,La Rioja,12468.537962792798,12160.218814581534,308.3191482112634,439.3434432210066,0.02472777074034779,0.03523616357684002,3. La Rioja
2015,AR-M,Mendoza,38420.900837650304,42186.111620972224,-3765.2107833219197,-2834.8614027569956,-0.09799902400081746,-0.07378435541467035,1. Resto país
2015,AR-N,Misiones,28901.54638652133,32804.202806510206,-3902.6564199888744,-3891.072989864001,-0.13503278917314046,-0.13463199988768287,1. Resto país
2015,AR-Q,Neuquén,32121.233246112068,36446.596617257695,-4325.363371145628,-3648.3289599740074,-0.13465745035393892,-0.11357997783025964,1. Resto país
2015,AR-R,Río Negro,20538.703103758562,20889.40003579343,-350.69693203486895,-187.4216648490003,-0.017074930693685902,-0.009125292084031456,1. Resto país
2015,AR-A,Salta,25033.183905720456,26373.3429413505,-1340.159035630044,-934.0805839629938,-0.053535301009944546,-0.03731369479331562,2. NOA-Resto
2015,AR-J,San Juan,21827.54601376484,19199.792854181065,2627.7531595837754,2681.173360886002,0.12038701730037207,0.12283439279867768,1. Resto país
2015,AR-D,San Luis,13652.790619115287,14387.900910505796,-735.1102913905088,-735.1064765215583,-0.05384322604063671,-0.05384294662018291,1. Resto país
2015,AR-Z,Santa Cruz,20365.12956728806,25335.586352768736,-4970.456785480677,-4844.760100807202,-0.2440670347349316,-0.2378948822692101,1. Resto país
2015,AR-S,Santa Fe,76120.93692378566,80806.29559333125,-4685.358669545589,-4613.345024394501,-0.0615515107786534,-0.060605468230291316,1. Resto país
2015,AR-G,Santiago del Estero,24288.268505355056,23025.868233029763,1262.4002723252925,1289.0908323980043,0.05197572120247928,0.053074628688075755,2. NOA-Resto
2015,AR-V,Tierra del Fuego,12401.759859653532,13837.715697140606,-1435.955837487074,-1420.5776380274128,-0.11578645722359522,-0.11454645583397867,1. Resto país
2015,AR-T,Tucumán,33401.75106721583,32748.848936323117,652.9021308927149,669.7718354459976,0.01954694320003915,0.02005199769611437,2. NOA-Resto
2016,AR-B,Buenos Aires,395501.136687598,426859.885907724,-31358.74922012596,-17181.554431673627,-0.07928864499040843,-0.04344249064761892,1. Resto país
2016,AR-C,CABA,129644.70254873362,143710.5674911368,-14065.86494240319,-10143.663669154146,-0.10849548547589757,-0.07824202200117764,1. Resto país
2016,AR-K,Catamarca,19776.617978215938,19850.94712562451,-74.32914740857086,9.304291573601262,-0.003758435718910324,4.704692978268577e-4,2. NOA-Resto
2016,AR-H,Chaco,46004.77354297326,51140.829154802675,-5136.055611829419,-4924.75125902574,-0.111641797498075,-0.10704870124891516,1. Resto país
2016,AR-U,Chubut,28016.630943210777,33183.03059658144,-5166.399653370663,-4410.530679927,-0.1844047438766947,-0.1574254480800018,1. Resto país
2016,AR-W,Corrientes,32707.679195667562,32269.05250354019,438.6266921273709,447.8556993790008,0.013410511014962845,0.013692677389300169,1. Resto país
2016,AR-X,Córdoba,128117.5766846819,121880.02879261287,6237.547892069037,8580.588553461028,0.048686121400974135,0.06697432760985829,1. Resto país
2016,AR-E,Entre Ríos,50626.87384550996,55576.814739818736,-4949.9408943087765,-3725.0389122780025,-0.09777299126574021,-0.07357829210717445,1. Resto país
2016,AR-P,Formosa,29902.185309896246,29745.046421087744,157.1388888085021,185.84880021100292,0.005255097150257321,0.006215224682909564,1. Resto país
2016,AR-Y,Jujuy,22944.033533632137,27934.76838026149,-4990.7348466293515,-4517.604535968,-0.21751776292140457,-0.19689670211412233,2. NOA-Resto
2016,AR-L,La Pampa,22378.68378237337,22338.373788490888,40.30999388248165,44.448182668005195,0.001801267414763326,0.001986183955242932,1. Resto país
2016,AR-F,La Rioja,15620.160041360201,15434.538937563524,185.62110379667683,324.99928069500123,0.011883431623310882,0.02080639889952756,3. La Rioja
2016,AR-M,Mendoza,50658.45418701624,53678.05535477119,-3019.601167754947,-629.646612882344,-0.059607053081553965,-0.012429250418061954,1. Resto país
2016,AR-N,Misiones,34917.966167600476,39201.107871284454,-4283.1417036839775,-4261.4639271979995,-0.12266297765240977,-0.12204215751695491,1. Resto país
2016,AR-Q,Neuquén,45062.68991181039,49355.39268229557,-4292.702770485179,-2337.040494706063,-0.09526068636573143,-0.05186198381143582,1. Resto país
2016,AR-R,Río Negro,24353.92039090241,27674.602776598786,-3320.6823856963747,-2886.7389037069674,-0.13635104050585795,-0.11853282171298098,1. Resto país
2016,AR-A,Salta,33385.0489104544,35805.79041719464,-2420.74150674024,-1611.141623504002,-0.07250974869718384,-0.04825937586089559,2. NOA-Resto
2016,AR-J,San Juan,30002.651655287864,26712.271957761863,3290.379697526001,3371.166697526001,0.10966962971574824,0.11236229171536724,1. Resto país
2016,AR-D,San Luis,19255.101284051532,18252.45179059985,1002.6494934516813,1002.6494934516813,0.05207188882886574,0.05207188882886574,1. Resto país
2016,AR-Z,Santa Cruz,24994.114645057765,30202.86191435448,-5208.747269296713,-5049.073610388797,-0.2083989508436807,-0.20201050055546496,1. Resto país
2016,AR-S,Santa Fe,110112.96246023763,110670.0387916632,-557.0763314255746,-284.57601508369294,-0.005059134900913576,-0.0025844006802237733,1. Resto país
2016,AR-G,Santiago del Estero,31162.1807828356,27864.802075495252,3297.3787073403473,3345.131016595998,0.10581347725049373,0.10734585746445978,2. NOA-Resto
2016,AR-V,Tierra del Fuego,16706.201125636322,18029.276761385176,-1323.0756357488535,-1265.6716409756796,-0.07919667827526283,-0.07576058922416878,1. Resto país
2016,AR-T,Tucumán,41387.097664124674,42846.506834283544,-1459.4091701588695,-1408.474812547001,-0.03526241878574443,-0.034031736749878465,2. NOA-Resto
2017,AR-B,Buenos Aires,532549.4386026328,550680.8520336866,-18131.41343105375,-991.2363472347861,-0.034046441732488025,-0.0018613039004147878,1. Resto país
2017,AR-C,CABA,185082.25343681552,198661.81149979995,-13579.558062984433,-7173.343580992928,-0.0733703951125725,-0.038757598028931535,1. Resto país
2017,AR-K,Catamarca,26935.150282772094,26351.01937749561,584.1309052764846,791.6531599814923,0.021686565663979186,0.02939108011912,2. NOA-Resto
2017,AR-H,Chaco,60524.501804025465,65754.23385009068,-5229.732046065212,-4160.987131522682,-0.08640685821749934,-0.0687488043271417,1. Resto país
2017,AR-U,Chubut,36685.466155103284,43898.426200569025,-7212.960045465741,-5240.719204133941,-0.19661628436094855,-0.14285546166911414,1. Resto país
2017,AR-W,Corrientes,44741.73662168728,46767.80604061896,-2026.0694189316782,-1783.973520885814,-0.045283656199200786,-0.03987269282750826,1. Resto país
2017,AR-X,Córdoba,164580.4818455001,170607.5876415741,-6027.105796074,-3150.638273404149,-0.036621024124427734,-0.019143450292980733,1. Resto país
2017,AR-E,Entre Ríos,67560.29999379058,71611.8182813574,-4051.5182875668106,-2132.247904779235,-0.05996892091863391,-0.0315606636586162,1. Resto país
2017,AR-P,Formosa,38949.46746581227,38954.89364307213,-5.4261772598620155,227.74989277663963,-1.3931325927947076e-4,0.005847317244492396,1. Resto país
2017,AR-Y,Jujuy,31775.368477902746,37180.41841883192,-5405.049940929173,-4465.359270650231,-0.1701018807913418,-0.1405289532285215,2. NOA-Resto
2017,AR-L,La Pampa,29584.469372405416,28742.583006643414,841.8863657620022,950.3769021971544,0.028457037885805798,0.03212418280125071,1. Resto país
2017,AR-F,La Rioja,21735.161599056915,23920.92661684929,-2185.765017792375,-1721.6876473190857,-0.10056355034817017,-0.07921209324681484,3. La Rioja
2017,AR-M,Mendoza,69732.69390760819,72885.98095103863,-3153.287043430435,404.1999243621008,-0.04521963610940313,0.005796419178895375,1. Resto país
2017,AR-N,Misiones,47268.433721071386,50163.73555875468,-2895.3018376832915,-2584.8141646931062,-0.061252332894470754,-0.05468372783295428,1. Resto país
2017,AR-Q,Neuquén,59144.444156251775,66564.32171508306,-7419.877558831286,-4627.686540739138,-0.12545350057274954,-0.0782438081337514,1. Resto país
2017,AR-R,Río Negro,32746.201715771007,36148.05606822494,-3401.8543524539346,-2223.0033096816233,-0.1038854637854245,-0.06788583692779841,1. Resto país
2017,AR-A,Salta,44987.509812291966,49847.800472267365,-4860.290659975399,-3444.71986836647,-0.10803644567691582,-0.076570583318334,2. NOA-Resto
2017,AR-J,San Juan,39118.53246463823,36618.0548370138,2500.47762762443,2837.146582811481,0.06392053766037296,0.07252691765408535,1. Resto país
2017,AR-D,San Luis,25455.620091214063,26230.23487156816,-774.6147803540953,-772.3789978587331,-0.030430010252292045,-0.030342179647995203,1. Resto país
2017,AR-Z,Santa Cruz,31119.012940953966,34987.7775349288,-3868.7645939748327,-3206.04086051128,-0.12432157155227026,-0.10302514628579339,1. Resto país
2017,AR-S,Santa Fe,143903.08684183675,150814.9036069167,-6911.816765079944,-6321.302715272876,-0.048031052820129504,-0.043927499082911214,1. Resto país
2017,AR-G,Santiago del Estero,40441.40091498733,38337.89428377183,2103.506631215503,2370.3683242664265,0.05201369348300584,0.05861241872528661,2. NOA-Resto
2017,AR-V,Tierra del Fuego,22796.364260500664,23841.625053463853,-1045.2607929631886,-631.5552626156734,-0.04585208329796324,-0.027704209995888306,1. Resto país
2017,AR-T,Tucumán,55828.21191321463,56474.20231865271,-645.990405438075,-339.53954968961244,-0.011571038786667067,-0.0060818632382034585,2. NOA-Resto
2018,AR-B,Buenos Aires,689084.3757088315,713548.3716624945,-24463.99595366302,18433.998185045333,-0.035502177695580395,0.026751438335955696,1. Resto país
2018,AR-C,CABA,254568.11525552906,256753.14959443657,-2185.0343389075133,12578.869388741925,-0.00858329935276549,0.04941258796733272,1. Resto país
2018,AR-K,Catamarca,36814.93184463685,33180.416887570966,3634.514957065883,4014.7463788427413,0.09872393550540702,0.10905212036750257,2. NOA-Resto
2018,AR-H,Chaco,78661.34043040058,81377.51021685557,-2716.1697864549933,164.10879557292856,-0.03452991992754377,0.00208627001110071,1. Resto país
2018,AR-U,Chubut,55650.10370163285,53238.03526359919,2412.0684380336606,6053.293895750175,0.04334346708437288,0.10877417099175259,1. Resto país
2018,AR-W,Corrientes,58569.576741910736,61286.34688484243,-2716.770142931695,-1818.415698712594,-0.04638534703611151,-0.03104710328923014,1. Resto país
2018,AR-X,Córdoba,216809.32549996534,236598.47582447896,-19789.150324513612,-14425.230348548006,-0.09127444254936708,-0.06653417843205417,1. Resto país
2018,AR-E,Entre Ríos,91884.34384221798,92541.86699286301,-657.5231506450364,2264.284645875464,-0.007155986788936779,0.024642768846057712,1. Resto país
2018,AR-P,Formosa,51161.31737868212,50914.53351992287,246.7838587592487,595.0014306161538,0.004823641598839644,0.011629908319446026,1. Resto país
2018,AR-Y,Jujuy,41125.41620220057,46966.884126038945,-5841.467923838376,-3361.313417304524,-0.14204033571642752,-0.08173323768391831,2. NOA-Resto
2018,AR-L,La Pampa,38200.76192493271,37308.93346271989,891.8284622128194,1052.5512497217217,0.023345829173913535,0.027553148070451103,1. Resto país
2018,AR-F,La Rioja,27541.61063623916,29847.605438001432,-2305.9948017622737,-1210.0115662667931,-0.08372766691894386,-0.04393394352451792,3. La Rioja
2018,AR-M,Mendoza,93381.85255779365,95990.58095160965,-2608.7283938159962,3795.6357220705377,-0.027936138793150038,0.040646395612267745,1. Resto país
2018,AR-N,Misiones,64234.2304075717,63568.90893254813,665.3214750235638,1265.551343616833,0.010357740270289564,0.019702132890622358,1. Resto país
2018,AR-Q,Neuquén,93479.88488071333,92853.96985734644,625.9150233668915,5140.856600303333,0.006695718808015238,0.0549942547197551,1. Resto país
2018,AR-R,Río Negro,46647.71129509998,47989.138236483865,-1341.4269413838847,1800.1659241003617,-0.028756543550396915,0.038590659093910504,1. Resto país
2018,AR-A,Salta,62589.10770816392,59417.95833154664,3171.149376617286,5563.245972180004,0.05066615410789203,0.08888520983746749,2. NOA-Resto
2018,AR-J,San Juan,52366.06965854154,51053.09405115982,1312.9756073817261,1869.872058301298,0.0250730218239238,0.03570770291706052,1. Resto país
2018,AR-D,San Luis,32911.87639744781,32743.214895803772,168.66150164404098,179.63221148581755,0.005124639495094847,0.005457975392121591,1. Resto país
2018,AR-Z,Santa Cruz,43732.73139730754,45873.67905569553,-2140.9476583879878,-282.5905700416745,-0.04895526965690045,-0.006461763558154351,1. Resto país
2018,AR-S,Santa Fe,193243.76719257215,192699.1354125393,544.6317800328543,1515.6642264221987,0.0028183666047563406,0.007843276129634764,1. Resto país
2018,AR-G,Santiago del Estero,52577.80935052492,46255.23263428687,6322.576716238051,6706.322023408427,0.1202518095435813,0.1275504268102694,2. NOA-Resto
2018,AR-V,Tierra del Fuego,29571.24052158554,30331.941340858342,-760.7008192728026,478.3063800970574,-0.02572434587982634,0.016174714745156447,1. Resto país
2018,AR-T,Tucumán,75866.93947361696,75249.96971450408,616.9697591128788,1314.7987198965548,0.008132261079642373,0.017330325027198196,2. NOA-Resto
2019,AR-B,Buenos Aires,989441.5736292313,1024200.6199506026,-34759.04632137134,41612.55250500525,-0.03512996345390721,0.042056604062402705,1. Resto país
2019,AR-C,CABA,363021.8423651348,382397.3356238477,-19375.49325871293,13009.422405106565,-0.05337280294893292,0.0358364728699201,1. Resto país
2019,AR-K,Catamarca,53787.54673221221,49945.62063037871,3841.926101833502,4355.454423150798,0.071427799467430525,0.08097514550784317,2. NOA-Resto
2019,AR-H,Chaco,107756.20335752332,113074.21851514504,-5318.015157621718,438.63056211358617,-0.04935228777481259,0.004070582931158569,1. Resto país
2019,AR-U,Chubut,82576.83857679607,90240.52274390432,-7663.684167108251,-2924.5445010539124,-0.09280670341939842,-0.03541603858246643,1. Resto país
2019,AR-W,Corrientes,83925.00725307124,86567.86533728949,-2642.8580842182564,-940.4112568387752,-0.03149071022715391,-0.011205375937627469,1. Resto país
2019,AR-X,Córdoba,305012.7699330043,308980.1463054392,-3967.3763724348973,6936.3607292566485,-0.013007246789392874,0.022741214181885606,1. Resto país
2019,AR-E,Entre Ríos,128458.4448147541,136720.13706734483,-8261.692252590728,-4723.135113935895,-0.06431412325211204,-0.036767805501202976,1. Resto país
2019,AR-P,Formosa,72316.82128604877,71978.31947952179,338.5018065269833,849.3599216487746,0.004680817000902755,0.011744984175799658,1. Resto país
2019,AR-Y,Jujuy,56540.72473449139,61785.169704710206,-5244.444970218814,-2524.7967987085813,-0.09275517770325924,-0.0446544824206752,2. NOA-Resto
2019,AR-L,La Pampa,59534.38715022091,57190.67232983453,2343.7148203863762,2582.658196172104,0.03936741323082016,0.0433809487222129,1. Resto país
2019,AR-F,La Rioja,39720.79313216766,41530.52515677644,-1809.7320246087838,120.3104531677584,-0.045561326496856444,0.0030289035963465107,3. La Rioja
2019,AR-M,Mendoza,134881.3201770476,145756.67644307882,-10875.356266031216,-1879.4994900824277,-0.08062907637437143,-0.013934468372754385,1. Resto país
2019,AR-N,Misiones,91055.89608592255,94418.45187196533,-3362.55578604278,-2596.196718956583,-0.036928479434981246,-0.028512120912046694,1. Resto país
2019,AR-Q,Neuquén,139267.88080284646,147523.87035718124,-8255.989554334781,-1596.6042724310264,-0.05928136126392496,-0.011464267735151707,1. Resto país
2019,AR-R,Río Negro,65829.59649158161,73749.97920361301,-7920.3827120313945,-2878.7101022583884,-0.12031644023587877,-0.04372972425292812,1. Resto país
2019,AR-A,Salta,86867.93853083519,87963.0486523407,-1095.1101215055096,2098.4558867552005,-0.01260660883666282,0.024156851448826764,2. NOA-Resto
2019,AR-J,San Juan,75709.27821482303,74563.80809137953,1145.4701234435051,2210.132201273043,0.015129851326719356,0.02919235598841469,1. Resto país
2019,AR-D,San Luis,45974.96386215542,51445.98733994791,-5471.0234777924925,-5442.281085056628,-0.1190000604284542,-0.11837488554366166,1. Resto país
2019,AR-Z,Santa Cruz,62581.9179476737,63641.41249854865,-1059.4945508749515,1076.259835513702,-0.016929723243075123,0.017197616672815774,1. Resto país
2019,AR-S,Santa Fe,267886.68126455444,283855.6348082669,-15968.953543712443,-13651.218891215536,-0.05961085287380199,-0.0509589309433944,1. Resto país
2019,AR-G,Santiago del Estero,76227.86483182645,67079.09616807051,9148.768663755938,9723.441287806447,0.12001869242881075,0.12755757109632096,2. NOA-Resto
2019,AR-V,Tierra del Fuego,41935.72560389858,42317.325626178615,-381.6000222800358,1298.6177333337223,-0.009099640385012441,0.030966859751032794,1. Resto país
2019,AR-T,Tucumán,103151.90751935683,116479.19381997322,-13327.286300616397,-11191.923167333183,-0.12920058020367178,-0.1084994299812922,2. NOA-Resto
2020,AR-B,Buenos Aires,1350739.6732548557,1399838.4498734823,-49098.77661862667,-7387.334193497685,-0.036349548022317386,-0.005469102847698658,1. Resto país
2020,AR-C,CABA,441673.7814713419,482146.97218171996,-40473.190710378054,-5689.196605595396,-0.09163593676661146,-0.012880992361926153,1. Resto país
2020,AR-K,Catamarca,70195.81278787997,70355.59480138579,-159.78201350581367,442.2706412299651,-0.0022762328287108556,0.0063005273913763656,2. NOA-Resto
2020,AR-H,Chaco,152897.082080125,144074.23362044833,8822.848459676665,11539.96148695502,0.05770449206514675,0.0754753545977258,1. Resto país
2020,AR-U,Chubut,103777.11979017503,121487.56063456,-17710.440844384968,-12138.032484664982,-0.17065843492470564,-0.11696251070762648,1. Resto país
2020,AR-W,Corrientes,115080.47942915001,121749.39979350372,-6668.920364353704,-5846.6001437367595,-0.05795005718984222,-0.05080444722457256,1. Resto país
2020,AR-X,Córdoba,402086.55619024904,380892.48082843714,21194.075361811905,33147.718888972835,0.05271023125623686,0.08243926184214138,1. Resto país
2020,AR-E,Entre Ríos,180947.1233583886,176924.45369079662,4022.669667591981,7594.190552489992,0.02223118882981398,0.04196911457635466,1. Resto país
2020,AR-P,Formosa,98900.78627080999,98011.6738894127,889.1123813972808,1513.1004677999854,0.008989942496136629,0.01529917531349868,1. Resto país
2020,AR-Y,Jujuy,78314.35297251388,78625.77959990563,-311.42662739174557,2793.844711381639,-0.003976622618602844,0.03567474677805484,2. NOA-Resto
2020,AR-L,La Pampa,82124.4841084342,79304.80998127795,2819.6741271562496,3110.445180819992,0.034334147212824545,0.03787476067080157,1. Resto país
2020,AR-F,La Rioja,58939.82108245,56887.10241200843,2052.7186704415653,3820.28995454,0.03482736514537513,0.06481678913133883,3. La Rioja
2020,AR-M,Mendoza,173840.28015028,174003.5679286894,-163.28777840937255,5807.430668530016,-9.392977178143919e-4,0.03340670334579337,1. Resto país
2020,AR-N,Misiones,137345.2320717042,136633.51888616986,711.7131855343468,1416.0993432598702,0.005181928595546592,0.010310509668952784,1. Resto país
2020,AR-Q,Neuquén,172055.11319270497,186443.57433257677,-14388.461139871797,-7022.111524807587,-0.08362704759466491,-0.04081315221909557,1. Resto país
2020,AR-R,Río Negro,83590.46114426998,93293.9690470375,-9703.507902767524,-6169.70286291,-0.11608391400090615,-0.07380869513641779,1. Resto país
2020,AR-A,Salta,118102.00605824502,117643.24697448245,458.75908376257576,3860.495346975013,0.0038844309175944647,0.03268780502399859,2. NOA-Resto
2020,AR-J,San Juan,97380.53716112,97098.59672864793,281.9404324720672,1484.3244961899968,0.002895244169844591,0.015242517031243344,1. Resto país
2020,AR-D,San Luis,62257.505405156284,66182.36201583645,-3924.8566106801663,-3866.635901383717,-0.06304230446013184,-0.06210714477267627,1. Resto país
2020,AR-Z,Santa Cruz,82547.8683252347,83048.58144205317,-500.71311681847146,330.07160870378425,-0.006065730429836001,0.003998547938310384,1. Resto país
2020,AR-S,Santa Fe,377938.92155644874,360162.93572952907,17775.98582691967,22364.965257269007,0.04703401743782734,0.0591761366232522,1. Resto país
2020,AR-G,Santiago del Estero,107799.23972163134,87621.48640359417,20177.75331803717,20872.15253186264,0.18717899467697485,0.19362059125612152,2. NOA-Resto
2020,AR-V,Tierra del Fuego,51922.61049121761,51881.22649160785,41.383999609759485,1768.2796665394135,7.97032337516222e-4,0.03405606247086724,1. Resto país
2020,AR-T,Tucumán,153353.99937622293,156867.49411506671,-3513.4947388437868,-681.5589485450455,-0.022911008210644315,-0.004444350661328231,2. NOA-Resto
2021,AR-B,Buenos Aires,2133075.2288247366,2202489.748387721,-69414.51956298435,-25335.914583473394,-0.03254199318663026,-0.011877646995803686,1. Resto país
2021,AR-C,CABA,680641.2164444702,686524.3784135485,-5883.161969078239,46045.92353187024,-0.008643558202088713,0.06765080106727106,1. Resto país
2021,AR-K,Catamarca,117586.88734977394,119462.37924728182,-1875.4918975078763,-1421.394722766049,-0.015949838793921284,-0.01208803766135903,2. NOA-Resto
2021,AR-H,Chaco,250402.96378069808,247521.2616836356,2881.702097062487,8256.04409596403,0.011508258742441525,0.03297103185725325,1. Resto país
2021,AR-U,Chubut,168011.26257187323,158744.90725774583,9266.355314127402,16399.355565273254,0.05515317944928463,0.09760866809900796,1. Resto país
2021,AR-W,Corrientes,183511.78558308675,178383.38118529035,5128.404397796403,6222.087484176763,0.027945913018619,0.033905656055859434,1. Resto país
2021,AR-X,Córdoba,655225.5906862511,588930.8086937212,66294.78199252987,76594.85663632605,0.10117856038421207,0.1168984510450887,1. Resto país
2021,AR-E,Entre Ríos,293733.9257385667,273490.3380465655,20243.587692001194,26375.558648776634,0.06891811233959637,0.08979404943592315,1. Resto país
2021,AR-P,Formosa,163981.27815001374,162281.2601602759,1700.0179897378257,2151.713452703734,0.01036714684088882,0.01312170192218711,1. Resto país
2021,AR-Y,Jujuy,128688.21122118029,123834.2632698234,4853.947951356895,9927.778648010306,0.03771866828589504,0.07714598372143922,2. NOA-Resto
2021,AR-L,La Pampa,131099.07812925396,123529.04613957263,7570.031989681331,7727.451146440143,0.05774283158740324,0.05894359637541806,1. Resto país
2021,AR-F,La Rioja,98455.42967738606,99186.07223792074,-730.6425605346885,2209.5718763459613,-0.007421048924663905,0.022442356745444904,3. La Rioja
2021,AR-M,Mendoza,284169.4621138428,270470.20090600505,13699.261207837728,22784.373333592783,0.04820806960020774,0.08017882415692155,1. Resto país
2021,AR-N,Misiones,227653.52629745952,232115.003989149,-4461.477691689477,-3996.1505900116563,-0.01959766564678627,-0.01755365117775578,1. Resto país
2021,AR-Q,Neuquén,287723.6003541086,277927.0242589162,9796.576095192402,16459.29091379358,0.03404856634330834,0.05720521672027153,1. Resto país
2021,AR-R,Río Negro,137884.75632460736,142415.4601218568,-4530.703797249444,-612.4413442026712,-0.032858627146450416,-0.0044416900064055374,1. Resto país
2021,AR-A,Salta,197619.40066850872,188800.51085740104,8818.889811107685,13381.10011044874,0.044625627753525535,0.06771146995276289,2. NOA-Resto
2021,AR-J,San Juan,155601.96311566298,152826.62281879483,2775.3402968681476,3764.687736722949,0.017836152200760895,0.024194346018144765,1. Resto país
2021,AR-D,San Luis,104806.66360226386,99979.7585313454,4826.905070918452,4930.362723042783,0.04605532611205257,0.04704245468354252,1. Resto país
2021,AR-Z,Santa Cruz,142303.8172977537,130363.22488671118,11940.592411042526,13394.267372969029,0.08390915042045756,0.0941244418267651,1. Resto país
2021,AR-S,Santa Fe,591762.6266846756,591149.0827505677,613.5439341078745,8933.87050501561,0.0010368075076745346,0.015097050915613294,1. Resto país
2021,AR-G,Santiago del Estero,176249.5803768035,166505.5068929786,9744.073483824905,10176.874564103497,0.05528565493882639,0.05774126975137407,2. NOA-Resto
2021,AR-V,Tierra del Fuego,87196.00993077068,87721.16644930697,-525.1565185362851,1036.4606920960066,-0.006022712724506929,0.011886561012584234,1. Resto país
2021,AR-T,Tucumán,241117.0168011632,239535.23081196944,1581.7859891937696,4363.291666143201,0.006560242035916475,0.018096158139437265,2. NOA-Resto
2022,AR-B,Buenos Aires,3900951.1985711255,4046057.3237559116,-145106.12518478604,-51547.865952784254,-0.037197626373264236,-0.013214178626911727,1. Resto país
2022,AR-C,CABA,1326995.927831545,1188110.3509281995,138885.57690334553,191385.59378122515,0.10466164514182014,0.14422470315637662,1. Resto país
2022,AR-K,Catamarca,224681.49188920026,221649.249618076,3032.242271124269,5012.458371974881,0.013495736767760082,0.02230917344294087,2. NOA-Resto
2022,AR-H,Chaco,460285.3579913581,457779.5859635525,2505.772027805564,9484.207948166077,0.005443953374360021,0.02060506115066155,1. Resto país
2022,AR-U,Chubut,287769.9824738078,283631.46891805116,4138.513555756654,15320.833303667803,0.014381324696134115,0.05323985904284604,1. Resto país
2022,AR-W,Corrientes,333035.8390557728,319098.4473501069,13937.391705665912,17153.223380252875,0.0418495250997051,0.05150563803849429,1. Resto país
2022,AR-X,Córdoba,1168822.0536030522,1072390.487587526,96431.56601552619,116302.4158867325,0.08250320544368822,0.09950395402637602,1. Resto país
2022,AR-E,Entre Ríos,532784.6718336912,515271.4549687423,17513.21686494886,25471.153018791145,0.03287109744481465,0.047807593508887525,1. Resto país
2022,AR-P,Formosa,306010.8076878193,300319.088079842,5691.719607977313,6119.010189009288,0.01859973394725258,0.019996059077925354,1. Resto país
2022,AR-Y,Jujuy,227675.52110707317,216240.19524310657,11435.325863966602,20035.278003013194,0.05022641787910392,0.08799926274722715,2. NOA-Resto
2022,AR-L,La Pampa,228766.410691916,231050.1184742278,-2283.7077823118016,-1606.9872109403354,-0.00998270583257659,-0.007024576755302137,1. Resto país
2022,AR-F,La Rioja,181895.95852807869,182284.90843442007,-388.9499063413823,2958.5053032886167,-0.002138309776032442,0.01626482153440436,3. La Rioja
2022,AR-M,Mendoza,511371.1179730051,482105.60729012097,29265.510682884138,44045.66528643511,0.05722949469435824,0.08613248527023822,1. Resto país
2022,AR-N,Misiones,414760.9743131537,407536.4146119096,7224.559701244114,9583.447951673646,0.017418610112024214,0.023105953899216013,1. Resto país
2022,AR-Q,Neuquén,547429.335430897,557445.1148870658,-10015.779456168879,4206.681390282203,-0.01829602253281728,0.007684428140795572,1. Resto país
2022,AR-R,Río Negro,243364.70033213767,245871.08383086167,-2506.383498723997,7840.670462337668,-0.010298878577309493,0.03221778035860143,1. Resto país
2022,AR-A,Salta,362811.78765433154,356415.61190771125,6396.1757466202835,15483.023847590379,0.01762945958281331,0.04267508491852478,2. NOA-Resto
2022,AR-J,San Juan,276131.0958734014,269853.28880133864,6277.807072062744,9722.222672896834,0.022734879069689958,0.0352087208510345,1. Resto país
2022,AR-D,San Luis,201375.31526131433,204929.25472870035,-3553.9394673860224,-3542.973093134749,-0.017648337199493686,-0.017593879808640973,1. Resto país
2022,AR-Z,Santa Cruz,247055.90867042894,240698.76327474526,6357.145395683678,8416.29014625244,0.025731606379688212,0.0340663382290513,1. Resto país
2022,AR-S,Santa Fe,1110363.3943573555,1076840.2484736124,33523.145883743186,46212.130220536375,0.030191148280014544,0.04161892444885806,1. Resto país
2022,AR-G,Santiago del Estero,338711.74495182605,306398.3214430212,32313.423508804874,34951.72256056603,0.09540095373250407,0.10319017005311436,2. NOA-Resto
2022,AR-V,Tierra del Fuego,167751.19691798548,167214.7504095228,536.4465084626863,4625.784192737956,0.003197869930698367,0.027575267883182545,1. Resto país
2022,AR-T,Tucumán,437879.0698253488,417739.3616115271,20139.708213821694,24957.950425688752,0.04599376768991165,0.05699735873569707,2. NOA-Resto
2023,AR-B,Buenos Aires,8865075.768214518,9488177.048421407,-623101.2802068889,-388719.0036355016,-0.07028719172835513,-0.04384835660731099,1. Resto país
2023,AR-C,CABA,3344923.915326,3067685.8412859105,277238.07404008973,378711.40044118033,0.08288322277520915,0.11321973534464405,1. Resto país
2023,AR-K,Catamarca,527305.7961517788,540815.2211460525,-13509.424994273693,-11078.355806741154,-0.025619716477353425,-0.021009357165405366,2. NOA-Resto
2023,AR-H,Chaco,1034722.2046738655,1082319.2168426784,-47597.012168812915,-29415.441102190664,-0.04599979777549573,-0.02842834624532111,1. Resto país
2023,AR-U,Chubut,658445.9916974376,615545.1782400066,42900.81345743104,62639.40979580771,0.06515464289916185,0.09513219092476628,1. Resto país
2023,AR-W,Corrientes,747600.5112278063,754737.600224323,-7137.088996516657,-3429.410355340202,-0.009546661471372198,-0.004587223127640697,1. Resto país
2023,AR-X,Córdoba,2792032.36692872,2717204.660786312,74827.70614240784,142899.03025325737,0.026800443658437784,0.051181007765482525,1. Resto país
2023,AR-E,Entre Ríos,1176403.1398619746,1246260.5441846002,-69857.4043226256,-52074.55073942518,-0.05938219812199911,-0.04426590594235833,1. Resto país
2023,AR-P,Formosa,675135.9740619257,667421.5581612667,7714.4159006589325,8187.924196275716,0.011426462515758849,0.012127815004455226,1. Resto país
2023,AR-Y,Jujuy,539165.3852849341,546156.3453568275,-6990.960071893409,7599.00756821647,-0.012966262788177469,0.014094019711967606,2. NOA-Resto
2023,AR-L,La Pampa,513904.3432701393,490426.97563531034,23477.36763482896,23716.38031732896,0.04568431448824676,0.04614940626190075,1. Resto país
2023,AR-F,La Rioja,395487.6579696072,401718.77391893486,-6231.11594932765,1456.8113348375018,-0.015755525675105908,0.0036835822951255186,3. La Rioja
2023,AR-M,Mendoza,1242168.4419485098,1220416.0639621709,21752.37798633892,61606.43365051979,0.017511616985066345,0.049595877314256784,1. Resto país
2023,AR-N,Misiones,937282.1438131327,937234.3988060575,47.74500707513653,4598.870955794575,5.0939844944550146e-5,0.004906602548817422,1. Resto país
2023,AR-Q,Neuquén,1380699.3465534907,1377491.861623604,3207.4849298866466,36264.755925090634,0.002323087164409245,0.026265497999702046,1. Resto país
2023,AR-R,Río Negro,540455.7436862277,562591.9839457849,-22136.240259557148,708.1894044777619,-0.04095846980656529,0.0013103559593011101,1. Resto país
2023,AR-A,Salta,869820.0615283009,863934.5685689292,5885.4929593716515,24665.310196340903,0.006766333888678835,0.028356796178054557,2. NOA-Resto
2023,AR-J,San Juan,681436.2894592361,665211.6785369719,16224.610922264168,22200.151043703394,0.0238094318914824,0.03257846901772821,1. Resto país
2023,AR-D,San Luis,513205.62479307933,552093.9127520809,-38888.28795900161,-38888.28795900161,-0.07577525670082255,-0.07577525670082255,1. Resto país
2023,AR-Z,Santa Cruz,564154.7564312025,584023.3484725103,-19868.592041307827,-17505.864202194134,-0.03521833648446915,-0.03103025189920372,1. Resto país
2023,AR-S,Santa Fe,2453985.156387925,2592025.8814843544,-138040.72509642923,-100903.16169979508,-0.0562516544719506,-0.04111808151615581,1. Resto país
2023,AR-G,Santiago del Estero,740044.4444048726,674556.6806172304,65487.76378764224,70080.94718742277,0.08849166328152906,0.09469829510547886,2. NOA-Resto
2023,AR-V,Tierra del Fuego,373149.6160923146,390757.7579537319,-17608.14186141733,-876.153247311533,-0.047187886847674526,-0.002347994502812992,1. Resto país
2023,AR-T,Tucumán,971026.215051923,1020871.3551671705,-49845.140115247574,-34450.91785541696,-0.05133243504922495,-0.03547887515433844,2. NOA-Resto
2024,AR-B,Buenos Aires,23999283.51628967,25382640.56303535,-1383357.0467456803,-698098.1983440776,-0.05764159775047941,-0.02908829331801672,1. Resto país
2024,AR-C,CABA,9524115.290509468,9228574.839350123,295540.451159345,434566.60389583756,0.031030751113842913,0.045628028498234566,1. Resto país
2024,AR-K,Catamarca,1359237.9394966871,1390648.6873405287,-31410.747843841556,-29149.428213612813,-0.023109087034071944,-0.021445419794864296,2. NOA-Resto
2024,AR-H,Chaco,2777080.2810128923,2991901.859214051,-214821.5782011589,-144481.3787893659,-0.07735519195102507,-0.05202636012260647,1. Resto país
2024,AR-U,Chubut,1909918.5967610895,1836447.6253320817,73470.97142900783,115410.17145472956,0.0384681166797384,0.06042674889413946,1. Resto país
2024,AR-W,Corrientes,2114216.9150287136,2113385.742650723,831.1723779905587,5847.042134089475,3.9313486335401416e-4,0.002765582893848934,1. Resto país
2024,AR-X,Córdoba,7977752.487945512,7596553.667811496,381198.82013401575,507211.45982782065,0.04778273338387123,0.06357823968520254,1. Resto país
2024,AR-E,Entre Ríos,3247991.3544996567,3282783.6501322594,-34792.29563260265,36614.46933810691,-0.010711942192950293,0.01127295775814873,1. Resto país
2024,AR-P,Formosa,1742310.2341253015,1694242.6843658644,48067.5497594371,49327.953911591736,0.027588398907367164,0.02831180862365538,1. Resto país
2024,AR-Y,Jujuy,1631221.319990002,1417693.4958952477,213527.8240947544,245245.45068172205,0.1309005844136853,0.15034468203445575,2. NOA-Resto
2024,AR-L,La Pampa,1405720.7598040886,1449774.1874339385,-44053.42762984987,-44050.40765450987,-0.031338676136496324,-0.03133652778994959,1. Resto país
2024,AR-F,La Rioja,953668.4364067954,926507.4801720969,27160.956234698533,42862.077570643785,0.02848050244489039,0.04494442296123199,3. La Rioja
2024,AR-M,Mendoza,3202198.0409981604,3060619.694186357,141578.34681180352,195262.26843467177,0.04421286410120718,0.06097757413336196,1. Resto país
2024,AR-N,Misiones,2635525.9224302233,2631059.085694032,4466.83673619153,8912.823535526019,0.001694855929200139,0.003381800747877861,1. Resto país
2024,AR-Q,Neuquén,4712294.646415907,4355013.007454165,357281.6389617417,446627.4179381362,0.07581903632309668,0.09477917903071566,1. Resto país
2024,AR-R,Río Negro,1587886.1523361679,1598238.3338271065,-10352.181490938645,30531.953387233814,-0.006519473373899042,0.019228049405376993,1. Resto país
2024,AR-A,Salta,2330159.763774274,2288045.0031747892,42114.76059948467,92855.32275433153,0.01807376526460543,0.03984933745655672,2. NOA-Resto
2024,AR-J,San Juan,1809064.376220544,1588595.3405193873,220469.03570115683,233990.44988177388,0.12186909354865286,0.12934335171124278,1. Resto país
2024,AR-D,San Luis,1215071.073522321,1063355.0667828799,151716.00673944107,151716.00673944107,0.12486183734062371,0.12486183734062371,1. Resto país
2024,AR-Z,Santa Cruz,1616029.3570014767,1585183.9020506965,30845.454950780142,32244.147354256776,0.019087187257546805,0.019952699011659917,1. Resto país
2024,AR-S,Santa Fe,7149382.707702101,7031230.979999999,118151.72770210262,171560.5277021026,0.016526143938946868,0.023996551131229657,1. Resto país
2024,AR-G,Santiago del Estero,1946472.9112046587,1634522.9803400699,311949.9308645888,314964.88086458883,0.16026420355961962,0.16181313341250622,2. NOA-Resto
2024,AR-V,Tierra del Fuego,1024604.1655625026,1016296.7638819814,8307.401680521201,20318.38295805743,0.008107913240778676,0.019830470772000758,1. Resto país
2024,AR-T,Tucumán,2716240.387055626,2462697.816416885,253542.57063874137,284348.33078060637,0.09334320034670372,0.10468452355530901,2. NOA-Resto
2025,AR-B,Buenos Aires,34522844.76679476,36572407.41372349,-2049562.6469287276,-855932.235916941,-0.059368301215433614,-0.024793212775449068,1. Resto país
2025,AR-C,CABA,13546590.0408152,13751709.279978653,-205119.23916345276,-97490.14379579676,-0.015141761767754005,-0.0071966556529771564,1. Resto país
2025,AR-K,Catamarca,1936240.2679346944,1970121.6776715089,-33881.40973681444,-31913.404009695685,-0.017498556505569585,-0.016482150763105635,2. NOA-Resto
2025,AR-H,Chaco,4174363.6535892882,4415868.24392592,-241504.59033663152,-52672.42677102436,-0.057854228902404325,-0.012618073350110372,1. Resto país
2025,AR-U,Chubut,2743747.254988006,2968221.9459090875,-224474.6909210817,-128733.22802686435,-0.0818131810475608,-0.04691876330548788,1. Resto país
2025,AR-W,Corrientes,3100199.341648282,3260020.8347938336,-159821.49314555153,-154561.29835171753,-0.051552005381879505,-0.049855277457591475,1. Resto país
2025,AR-X,Córdoba,11861922.3500761,11801930.255278302,59992.0947977975,263583.2385099682,0.005057535619208688,0.022220954642168705,1. Resto país
2025,AR-E,Entre Ríos,4854286.2877153,4988125.289569853,-133839.0018545529,1081.9707799392636,-0.027571303776058303,2.2288977530587713e-4,1. Resto país
2025,AR-P,Formosa,2780994.3590702033,2746686.2222888,34308.13678140333,36050.09465491333,0.012336643786963272,0.012963023293210241,1. Resto país
2025,AR-Y,Jujuy,2344219.672283206,2320293.22864055,23926.44364265632,72032.4060083559,0.010206570623713183,0.03072766893820932,2. NOA-Resto
2025,AR-L,La Pampa,0,0,0,0,NA,NA,1. Resto país
2025,AR-F,La Rioja,1364783.1415390796,1403298.5345735534,-38515.39303447376,-30108.543550634648,-0.028220888624869416,-0.02206104591582289,3. La Rioja
2025,AR-M,Mendoza,4503702.303790567,4759554.109243104,-255851.8054525368,-129308.98537455323,-0.05680921788218498,-0.028711707979836847,1. Resto país
2025,AR-N,Misiones,3763367.319072192,3815053.5353922844,-51686.216320092324,-47837.203868927725,-0.013734034426603585,-0.01271127684680042,1. Resto país
2025,AR-Q,Neuquén,7402259.742925785,7334907.848292538,67351.89463324659,157254.61116093944,0.009098828867443304,0.02124413579396819,1. Resto país
2025,AR-R,Río Negro,2444373.9730962203,2553644.855810243,-109270.88271402288,-74000.12690378012,-0.044703013498222005,-0.030273651952710916,1. Resto país
2025,AR-A,Salta,3294558.456643333,3228163.2151968842,66395.24144644896,138905.53202396893,0.020153001478108806,0.04216210877784608,2. NOA-Resto
2025,AR-J,San Juan,2558900.119477424,2521645.4241511994,37254.695326224435,53010.06546797361,0.014558870446976475,0.020715957244473955,1. Resto país
2025,AR-D,San Luis,1748906.3149541784,1711982.2271324596,36924.08782171877,36924.08782171877,0.021112673392505985,0.021112673392505985,1. Resto país
2025,AR-Z,Santa Cruz,2331646.3978855,2479259.2615968115,-147612.86371131148,-145921.52108243894,-0.06330842611691771,-0.06258304055656586,1. Resto país
2025,AR-S,Santa Fe,10728945.318290347,10748968.469999999,-20023.151709651574,65101.238290348425,-0.0018662740013705517,0.0060678134111995154,1. Resto país
2025,AR-G,Santiago del Estero,3617167.592784423,2841396.624375509,775770.9684089138,777462.0359812006,0.2144691802382706,0.21493669177289237,2. NOA-Resto
2025,AR-V,Tierra del Fuego,1412749.9120555425,1643327.8639668745,-230577.9519113321,-216951.01979407066,-0.16321215095730748,-0.15356647198682763,1. Resto país
2025,AR-T,Tucumán,4093097.537449888,4073636.440033401,19461.097416487057,70288.93444988823,0.0047546136485698935,0.01717255301315887,2. NOA-Resto
